collection_handle,collection_id,collection_title,handle,product_id,title,ratio_in_collection,tier,sold_out,views_90d,position
archive-sale,646609535309,ARCHIVE SALE,amira-shirt,10237807329613,Amira Πουκάμισο,4.13,Hero,no,2838,1
archive-sale,646609535309,ARCHIVE SALE,amari-dress,8669619781965,Amari Φόρεμα,2.87,Strong,no,1567,2
archive-sale,646609535309,ARCHIVE SALE,aeris-jumpsuit,10390642590029,Aeris Ολόσωμη φόρμα,2.68,Strong,no,1881,3
archive-sale,646609535309,ARCHIVE SALE,ember-skirt,10387831095629,Ember Φούστα,2.21,Strong,no,2068,4
archive-sale,646609535309,ARCHIVE SALE,harmonia-dress-1,10524729114957,Harmonia Φόρεμα,1.88,Strong,no,1766,5
archive-sale,646609535309,ARCHIVE SALE,lynn-ann-top,8669577445709,Lynn Ann Τοπ,1.77,Strong,no,1443,6
archive-sale,646609535309,ARCHIVE SALE,aurielle-dress,10525038674253,Aurielle Φόρεμα,1.65,Strong,no,1243,7
archive-sale,646609535309,ARCHIVE SALE,juliet-top,8151987355929,JULIET TOP,1.24,New,no,22,8
archive-sale,646609535309,ARCHIVE SALE,selira-dress,10338865250637,Selira Φόρεμα,1.23,Average,no,1353,9
archive-sale,646609535309,ARCHIVE SALE,perla-kimono-dress,6552814256227,Perla Kimono Dress,1.22,New,no,572,10
archive-sale,646609535309,ARCHIVE SALE,sage-bodysuit,8668340683085,Sage Κορμάκι,1.18,Average,no,608,11
archive-sale,646609535309,ARCHIVE SALE,ferina-dress,10338806268237,Ferina Φόρεμα,1.16,Average,no,1179,12
archive-sale,646609535309,ARCHIVE SALE,anwen-dress,10074215547213,Anwen Φόρεμα,1.13,Average,no,785,13
archive-sale,646609535309,ARCHIVE SALE,obsidian-dress,10388244529485,Obsidian Φόρεμα,1.03,Average,no,1083,14
archive-sale,646609535309,ARCHIVE SALE,floridita-skirt,4505870073955,FLORIDITA SKIRT,0.89,New,no,118,15
archive-sale,646609535309,ARCHIVE SALE,dolon-dress,9101691617613,Dolon Dress,0.89,New,no,86,16
archive-sale,646609535309,ARCHIVE SALE,arina-dress,6728686010467,ARINA DRESS,0.83,New,no,106,17
archive-sale,646609535309,ARCHIVE SALE,jessica-top,8155052146969,JESSICA TOP,0.82,New,no,117,18
archive-sale,646609535309,ARCHIVE SALE,luxe-dress,10388197507405,Luxe Φόρεμα,0.52,Average,no,391,19
archive-sale,646609535309,ARCHIVE SALE,lissara-skirt,10524680028493,Lissara Φούστα,0.47,Low,no,470,20
archive-sale,646609535309,ARCHIVE SALE,elaris-jacket,10361324011853,Elaris Ζακέτα,0.44,Low,no,415,21
archive-sale,646609535309,ARCHIVE SALE,veon-top,10355601867085,Veon Τοπ,0.27,Low,no,206,22
archive-sale,646609535309,ARCHIVE SALE,florelle-shirt,10524697297229,Florelle Πουκάμισο,0.22,Low,no,184,23
archive-sale,646609535309,ARCHIVE SALE,louisa-skirt,10007597187405,Louisa Skirt,0.11,Low,no,56,24
archive-sale,646609535309,ARCHIVE SALE,odette-yellow-top,10137725534541,Odette Yellow Top,0.11,Low,no,49,25
archive-sale,646609535309,ARCHIVE SALE,yvet-top,6730743185507,Yvet Τοπ,0.10,Low,no,34,26
archive-sale,646609535309,ARCHIVE SALE,cessna-top,10006232727885,Cessna Top,0.06,Low,no,25,27
archive-sale,646609535309,ARCHIVE SALE,penny-top,6730744660067,Penny Τοπ,0.06,Low,no,26,28
archive-sale,646609535309,ARCHIVE SALE,indra-dress-copy,10298905690445,Indra Brown Dress,5.12,Hero,yes,4301,29
archive-sale,646609535309,ARCHIVE SALE,ayla-jumpsuit,10248692302157,Ayla Jumpsuit,4.74,Hero,yes,5121,30
archive-sale,646609535309,ARCHIVE SALE,elva-kimono,10243863937357,Elva Κιμονό φόρεμα,4.24,Hero,yes,3166,31
archive-sale,646609535309,ARCHIVE SALE,tata-kimono-dress,9845707440461,Tata  Φόρεμα,3.71,Hero,yes,1894,32
archive-sale,646609535309,ARCHIVE SALE,alba-pants,10248741912909,Alba Παντελόνα,2.62,Strong,yes,2714,33
archive-sale,646609535309,ARCHIVE SALE,luvora-dress,10525019046221,Luvora Φόρεμα,1.64,Strong,yes,1225,34
archive-sale,646609535309,ARCHIVE SALE,nyra-jumpsuit,10390639116621,Nyra Jumpsuit,1.23,Average,yes,1263,35
archive-sale,646609535309,ARCHIVE SALE,isebel-dress,10361722929485,Isebel Φόρεμα,1.20,Average,yes,805,36
archive-sale,646609535309,ARCHIVE SALE,tiana-top,8585609249101,TIANA TOP,1.16,New,yes,31,37
archive-sale,646609535309,ARCHIVE SALE,cassidy-skirt,8669604151629,Cassidy Φούστα,1.10,Average,yes,950,38
archive-sale,646609535309,ARCHIVE SALE,bindi-dress,8935675756877,Bindi Dress,0.95,New,yes,540,39
archive-sale,646609535309,ARCHIVE SALE,auralis-dress,10525164896589,Auralis Πουκάμισο,0.92,Average,yes,571,40
archive-sale,646609535309,ARCHIVE SALE,lottie-skirt,10222371340621,Lottie Skirt,0.91,New,yes,79,41
archive-sale,646609535309,ARCHIVE SALE,ivoria-dress,10332606890317,Ivoria Φόρεμα,0.87,Average,yes,625,42
archive-sale,646609535309,ARCHIVE SALE,gloria-dress,8171401183513,Gloria Dress,0.80,New,yes,124,43
archive-sale,646609535309,ARCHIVE SALE,lina-skirt,10238244094285,Lina Φούστα,0.77,Average,yes,601,44
archive-sale,646609535309,ARCHIVE SALE,angelica-dress,6552849907811,Angelica Dress,0.75,New,yes,192,45
archive-sale,646609535309,ARCHIVE SALE,amara-skirt,10238252286285,Amara Φούστα,0.74,Average,yes,669,46
archive-sale,646609535309,ARCHIVE SALE,vionae-dress,10336362463565,Vionae Κιμονό φόρεμα,0.65,Average,yes,775,47
archive-sale,646609535309,ARCHIVE SALE,iliana-dress,10248477278541,Iliana Dress,0.57,Average,yes,295,48
archive-sale,646609535309,ARCHIVE SALE,carmine-dress,10074213515597,Carmine Φόρεμα,0.55,Average,yes,525,49
archive-sale,646609535309,ARCHIVE SALE,lyra-top,10237854777677,Lyra Τοπ,0.52,Average,yes,437,50
archive-sale,646609535309,ARCHIVE SALE,ethera-dress,10525047095629,Ethera Φόρεμα,0.50,Average,yes,522,51
archive-sale,646609535309,ARCHIVE SALE,vanetta-skirt,10074164396365,Vanetta Φούστα,0.42,Low,yes,134,52
archive-sale,646609535309,ARCHIVE SALE,lumina-dress,10523384611149,Lumina Dress,0.38,Low,yes,225,53
archive-sale,646609535309,ARCHIVE SALE,lilliana-skirt,8162775630105,LILLIANA SKIRT,0.35,Low,yes,182,54
archive-sale,646609535309,ARCHIVE SALE,odile-top,10007641030989,Odile Top,0.34,Low,yes,295,55
archive-sale,646609535309,ARCHIVE SALE,silvara-dress,10523483111757,Silvara Φόρεμα,0.33,Low,yes,378,56
archive-sale,646609535309,ARCHIVE SALE,lissara-dress,10525170172237,Lissara Πουκάμισο,0.26,Low,yes,212,57
archive-sale,646609535309,ARCHIVE SALE,venira-top,10336546980173,Venira Τοπ,0.22,Low,yes,185,58
archive-sale,646609535309,ARCHIVE SALE,odette-orange-skirt,10074174619981,Odette Orange Skirt,0.21,Low,yes,82,59
archive-sale,646609535309,ARCHIVE SALE,copy-copy-42,10307851714893,Sylairra Φόρεμα,0.18,Low,yes,199,60
archive-sale,646609535309,ARCHIVE SALE,odile-skirt,10007663804749,Odile Skirt,0.15,Low,yes,92,61
archive-sale,646609535309,ARCHIVE SALE,reina-dress,6552844959843,Reina Dress,0.14,Low,yes,69,62
archive-sale,646609535309,ARCHIVE SALE,opaline-dress,10524577136973,Opaline Φόρεμα,0.12,Low,yes,141,63
archive-sale,646609535309,ARCHIVE SALE,janah-skirt,6728673165411,Janah Skirt,0.03,Low,yes,15,64
dresses-wedding,640397836621,Dresses Wedding,indra-dress-copy,10298905690445,Indra Brown Dress,1.71,Strong,yes,4301,1
dresses-wedding,640397836621,Dresses Wedding,iliana-dress,10248477278541,Iliana Dress,0.29,Low,yes,295,2
house-of-peonies-fw27,667532886349,FW27 House Of Peonies,naia-dress,10834002870605,Naia Dress,5.49,New,no,4271,1
house-of-peonies-fw27,667532886349,FW27 House Of Peonies,gold-underdress,8936685863245,Gold Underdress,5.38,Hero,no,2086,2
house-of-peonies-fw27,667532886349,FW27 House Of Peonies,daria-limited,10833962598733,Daria LIMITED,5.04,New,no,2488,3
house-of-peonies-fw27,667532886349,FW27 House Of Peonies,belisse-limited,10833955914061,Belisse LIMITED,4.62,New,no,2857,4
house-of-peonies-fw27,667532886349,FW27 House Of Peonies,olena-dress,10834006475085,Olena Dress,4.44,New,no,3256,5
house-of-peonies-fw27,667532886349,FW27 House Of Peonies,belisse-dress,10833955160397,Belisse Dress,3.19,New,no,2449,6
house-of-peonies-fw27,667532886349,FW27 House Of Peonies,daria-dress,10833960927565,Daria Dress,3.15,New,no,2699,7
house-of-peonies-fw27,667532886349,FW27 House Of Peonies,nerea-dress,10834097766733,Nerea Dress,3.09,New,no,1880,8
house-of-peonies-fw27,667532886349,FW27 House Of Peonies,adelie-dress,10833893097805,Adélie Dress,2.82,New,no,2141,9
house-of-peonies-fw27,667532886349,FW27 House Of Peonies,sorelia-limited-1,10833930387789,Araminta Dress,2.79,New,no,2590,10
house-of-peonies-fw27,667532886349,FW27 House Of Peonies,gold-underdress-long-1,10566350635341,Gold Underdress Long,2.60,Strong,no,1142,11
house-of-peonies-fw27,667532886349,FW27 House Of Peonies,adara-dress,10834117951821,Adara Dress,2.24,New,no,1369,12
house-of-peonies-fw27,667532886349,FW27 House Of Peonies,lyselle-dress,10833924161869,Lyselle Dress,2.09,New,no,1955,13
house-of-peonies-fw27,667532886349,FW27 House Of Peonies,liora-dress-1,10833878876493,Liora Dress,2.00,New,no,1444,14
house-of-peonies-fw27,667532886349,FW27 House Of Peonies,alessa-dress,10833913938253,Alessa Dress,1.80,New,no,1567,15
house-of-peonies-fw27,667532886349,FW27 House Of Peonies,paloma-dress,10834069487949,Paloma Dress,1.78,New,no,1554,16
house-of-peonies-fw27,667532886349,FW27 House Of Peonies,melisande-top-1,10831622013261,Melisande Top,1.63,New,no,1396,17
house-of-peonies-fw27,667532886349,FW27 House Of Peonies,alessandra-dress,10863687893325,Alessandra Dress,1.60,New,no,1326,18
house-of-peonies-fw27,667532886349,FW27 House Of Peonies,alessia-kimono,10833837261133,Alessia Kimono,1.56,New,no,694,19
house-of-peonies-fw27,667532886349,FW27 House Of Peonies,amarise-dress,10833918460237,Amarisé Dress,1.55,New,no,1123,20
house-of-peonies-fw27,667532886349,FW27 House Of Peonies,irina-dress,10834091508045,Irina Dress,1.46,New,no,1283,21
house-of-peonies-fw27,667532886349,FW27 House Of Peonies,belisse-cape,10831625519437,Belisse  Cape,1.45,New,no,1029,22
house-of-peonies-fw27,667532886349,FW27 House Of Peonies,ameline-top-1,10831704588621,Ameline Top,1.42,New,no,842,23
house-of-peonies-fw27,667532886349,FW27 House Of Peonies,mireya-dress,10833908760909,Mireya Dress,1.39,New,no,1178,24
house-of-peonies-fw27,667532886349,FW27 House Of Peonies,pink-underdress-long,10078634836301,Pink Underdress Long,1.32,Average,no,1630,25
house-of-peonies-fw27,667532886349,FW27 House Of Peonies,tamara-jumsuit,10834724651341,Tamara Jumsuit,1.32,New,no,1146,26
house-of-peonies-fw27,667532886349,FW27 House Of Peonies,reina-dress-1,10834071912781,Reina Dress,1.25,New,no,1046,27
house-of-peonies-fw27,667532886349,FW27 House Of Peonies,maristelle-dress,10833922490701,Maristelle Dress,1.25,New,no,1100,28
house-of-peonies-fw27,667532886349,FW27 House Of Peonies,pink-underdress,8936687141197,Pink Underdress,1.25,Average,no,855,29
house-of-peonies-fw27,667532886349,FW27 House Of Peonies,ameline-kimono,10833834901837,Ameline  Kimono,1.25,New,no,802,30
house-of-peonies-fw27,667532886349,FW27 House Of Peonies,ciela-dress,10833959190861,Ciela Dress,1.24,New,no,1061,31
house-of-peonies-fw27,667532886349,FW27 House Of Peonies,verona-dress,10834089836877,Verona Dress,1.23,New,no,1030,32
house-of-peonies-fw27,667532886349,FW27 House Of Peonies,elettra-dress,10834705842509,Elettra Dress,1.23,New,no,808,33
house-of-peonies-fw27,667532886349,FW27 House Of Peonies,noir-dress,10906129269069,Noir Dress,1.21,New,no,24,34
house-of-peonies-fw27,667532886349,FW27 House Of Peonies,ismerie-dress,10833894801741,Ismerie Dress,1.18,New,no,1039,35
house-of-peonies-fw27,667532886349,FW27 House Of Peonies,eira-limited-1,10833965449549,Eira LIMITED,1.18,New,no,1009,36
house-of-peonies-fw27,667532886349,FW27 House Of Peonies,bianca-jumsuit,10834721472845,Bianca Jumsuit,1.17,New,no,955,37
house-of-peonies-fw27,667532886349,FW27 House Of Peonies,faline-dress,10833966629197,Faline Dress,1.14,New,no,997,38
house-of-peonies-fw27,667532886349,FW27 House Of Peonies,petra-dress,10834711085389,Petra Dress,1.13,New,no,464,39
house-of-peonies-fw27,667532886349,FW27 House Of Peonies,amorette-dress,10833895883085,Amorette Dress,1.12,New,no,917,40
house-of-peonies-fw27,667532886349,FW27 House Of Peonies,seraphina-pants,10831770747213,Seraphina Pants,1.12,New,no,36,41
house-of-peonies-fw27,667532886349,FW27 House Of Peonies,seraphina-blazer,10833848992077,Seraphina Blazer,1.03,New,no,48,42
house-of-peonies-fw27,667532886349,FW27 House Of Peonies,jessamine-pants,10831736045901,Jessamine Pants,1.02,New,no,50,43
house-of-peonies-fw27,667532886349,FW27 House Of Peonies,calista-skirt,10831800795469,Calista Skirt,1.02,New,no,831,44
house-of-peonies-fw27,667532886349,FW27 House Of Peonies,virelia-dress,10847552897357,Virelia Dress,1.01,New,no,849,45
house-of-peonies-fw27,667532886349,FW27 House Of Peonies,odessa-dress,10834099208525,Odessa Dress,1.00,New,no,806,46
house-of-peonies-fw27,667532886349,FW27 House Of Peonies,eira-dress-1,10833964007757,Eira Dress,0.99,New,no,539,47
house-of-peonies-fw27,667532886349,FW27 House Of Peonies,eira-cape-1,10831635022157,Eira  Cape,0.99,New,no,563,48
house-of-peonies-fw27,667532886349,FW27 House Of Peonies,ameline-skirt,10833816387917,Ameline  Skirt,0.98,New,no,520,49
house-of-peonies-fw27,667532886349,FW27 House Of Peonies,ameline-top,10831700951373,Ameline Top,0.97,New,no,404,50
house-of-peonies-fw27,667532886349,FW27 House Of Peonies,oriana-dress,10907702198605,Oriana Dress,0.97,New,no,58,51
house-of-peonies-fw27,667532886349,FW27 House Of Peonies,celeste-dress-1,10847613124941,Celeste Dress,0.97,New,no,544,52
house-of-peonies-fw27,667532886349,FW27 House Of Peonies,leonie-kimono,10833830773069,Leonie Kimono,0.95,New,no,744,53
house-of-peonies-fw27,667532886349,FW27 House Of Peonies,elowen-top-1,10831615459661,Vespera Top,0.95,New,no,65,54
house-of-peonies-fw27,667532886349,FW27 House Of Peonies,zafira-dress,10833902534989,Zafira Dress,0.94,New,no,705,55
house-of-peonies-fw27,667532886349,FW27 House Of Peonies,mya-top,10831714812237,Mya Shirt,0.93,New,no,69,56
house-of-peonies-fw27,667532886349,FW27 House Of Peonies,aviana-cape,10831648227661,Aviana  Cape,0.91,New,no,712,57
house-of-peonies-fw27,667532886349,FW27 House Of Peonies,elara-skirt,10833813078349,Elara  Skirt,0.90,New,no,697,58
house-of-peonies-fw27,667532886349,FW27 House Of Peonies,zafrina-dress,10834733793613,Zafrina Dress,0.88,New,no,686,59
house-of-peonies-fw27,667532886349,FW27 House Of Peonies,amaris-top,10831673491789,Amaris Top,0.88,New,no,290,60
house-of-peonies-fw27,667532886349,FW27 House Of Peonies,violetta-pants,10831729623373,Violetta Pants,0.88,New,no,157,61
house-of-peonies-fw27,667532886349,FW27 House Of Peonies,leontine-jumsuit,10834723045709,Leontine Jumsuit,0.88,New,no,698,62
house-of-peonies-fw27,667532886349,FW27 House Of Peonies,vespera-skirt,10833797644621,Vespera  Skirt,0.88,New,no,79,63
house-of-peonies-fw27,667532886349,FW27 House Of Peonies,evania-pants,10831763931469,Evania Pants,0.88,New,no,231,64
house-of-peonies-fw27,667532886349,FW27 House Of Peonies,jessamine-blazer,10833843290445,Jessamine Blazer,0.86,New,no,88,65
house-of-peonies-fw27,667532886349,FW27 House Of Peonies,annelise-dress,10863625961805,Annelise Dress,0.86,New,no,607,66
house-of-peonies-fw27,667532886349,FW27 House Of Peonies,cassia-skirt,10833817010509,Cassia  Skirt,0.85,New,no,292,67
house-of-peonies-fw27,667532886349,FW27 House Of Peonies,aviana-limited,10833951162701,Aviana LIMITED,0.85,New,no,616,68
house-of-peonies-fw27,667532886349,FW27 House Of Peonies,sorelia-dress,10833926947149,Sorelia Dress,0.84,New,no,217,69
house-of-peonies-fw27,667532886349,FW27 House Of Peonies,cressida-dress,10833916559693,Cressida Dress,0.82,New,no,616,70
house-of-peonies-fw27,667532886349,FW27 House Of Peonies,elowen-skirt-1,10833793253709,Elowen  Skirt,0.82,New,no,99,71
house-of-peonies-fw27,667532886349,FW27 House Of Peonies,samara-dress,10834074337613,Samara Dress,0.80,New,no,650,72
house-of-peonies-fw27,667532886349,FW27 House Of Peonies,aveline-top-1,10831558803789,Aveline Top,0.80,New,no,111,73
house-of-peonies-fw27,667532886349,FW27 House Of Peonies,maristella-cape,10831722840397,Oriane Pants,0.80,New,no,107,74
house-of-peonies-fw27,667532886349,FW27 House Of Peonies,maelle-top,10831601533261,Maelle Top,0.79,New,no,119,75
house-of-peonies-fw27,667532886349,FW27 House Of Peonies,cassia-top,10831707406669,Cassia Top,0.79,New,no,114,76
house-of-peonies-fw27,667532886349,FW27 House Of Peonies,leandra-limited,10833979244877,Leandra LIMITED,0.79,New,no,583,77
house-of-peonies-fw27,667532886349,FW27 House Of Peonies,evania-top,10831701770573,Evania Top,0.77,New,no,131,78
house-of-peonies-fw27,667532886349,FW27 House Of Peonies,valeria-kimono,10833826283853,Valeria Kimono,0.76,New,no,533,79
house-of-peonies-fw27,667532886349,FW27 House Of Peonies,evadne-dress,10847616008525,Evadne Dress,0.76,New,no,576,80
house-of-peonies-fw27,667532886349,FW27 House Of Peonies,sabine-kimono,10833829331277,Sabine Kimono,0.76,New,no,531,81
house-of-peonies-fw27,667532886349,FW27 House Of Peonies,freya-dress,10834090557773,Freya Dress,0.76,New,no,526,82
house-of-peonies-fw27,667532886349,FW27 House Of Peonies,oriane-top,10831663268173,Oriane Top,0.76,New,no,126,83
house-of-peonies-fw27,667532886349,FW27 House Of Peonies,jolie-dress-1,10834092753229,Jolie Dress,0.75,New,no,537,84
house-of-peonies-fw27,667532886349,FW27 House Of Peonies,lavinia-dress-1,10833890148685,Lavinia Dress,0.74,New,no,539,85
house-of-peonies-fw27,667532886349,FW27 House Of Peonies,rafaela-jumsuit,10834723832141,Rafaela Jumsuit,0.74,New,no,524,86
house-of-peonies-fw27,667532886349,FW27 House Of Peonies,melisande-top,10831618048333,Althea Top,0.73,New,no,138,87
house-of-peonies-fw27,667532886349,FW27 House Of Peonies,daria-cape,10831632204109,Daria  Cape,0.73,New,no,384,88
house-of-peonies-fw27,667532886349,FW27 House Of Peonies,aviana-dress,10833949294925,Aviana Dress,0.72,New,no,450,89
house-of-peonies-fw27,667532886349,FW27 House Of Peonies,azelie-dress,10833853940045,Azélie Dress,0.71,New,no,426,90
house-of-peonies-fw27,667532886349,FW27 House Of Peonies,sereia-kimono,10833841258829,Sereia Kimono,0.71,New,no,461,91
house-of-peonies-fw27,667532886349,FW27 House Of Peonies,mirea-limited,10833998643533,Mirea LIMITED,0.70,New,no,443,92
house-of-peonies-fw27,667532886349,FW27 House Of Peonies,calista-top,10831609299277,Calista Top,0.69,New,no,207,93
house-of-peonies-fw27,667532886349,FW27 House Of Peonies,aveline-skirt,10831781691725,Aveline Skirt,0.69,New,no,171,94
house-of-peonies-fw27,667532886349,FW27 House Of Peonies,odelia-dress-1,10833920721229,Odelia Dress,0.69,New,no,394,95
house-of-peonies-fw27,667532886349,FW27 House Of Peonies,inessa-dress,10833969807693,Inessa Dress,0.69,New,no,382,96
house-of-peonies-fw27,667532886349,FW27 House Of Peonies,oriella-kimono,10833820385613,Oriella Kimono,0.68,New,no,397,97
house-of-peonies-fw27,667532886349,FW27 House Of Peonies,elara-top,10831695315277,Elara Top,0.68,New,no,222,98
house-of-peonies-fw27,667532886349,FW27 House Of Peonies,mirea-dress,10833985175885,Mirea Dress,0.67,New,no,179,99
house-of-peonies-fw27,667532886349,FW27 House Of Peonies,zinnia-cape,10834735432013,Zinnia Cape,0.67,New,no,192,100
house-of-peonies-fw27,667532886349,FW27 House Of Peonies,maelle-skirt,10831789752653,Maelle Skirt,0.67,New,no,230,101
house-of-peonies-fw27,667532886349,FW27 House Of Peonies,novalie-dress,10833931174221,Novalie Dress,0.66,New,no,206,102
house-of-peonies-fw27,667532886349,FW27 House Of Peonies,vianne-dress,10833912070477,Vianne Dress,0.66,New,no,355,103
house-of-peonies-fw27,667532886349,FW27 House Of Peonies,faline-dress-copy,10847566528845,Rosalie Dress,0.66,New,no,362,104
house-of-peonies-fw27,667532886349,FW27 House Of Peonies,lysandra-skirt,10833814716749,Lysandra Skirt,0.66,New,no,186,105
house-of-peonies-fw27,667532886349,FW27 House Of Peonies,malina-dress,10834710036813,Malina Dress,0.66,New,no,353,106
house-of-peonies-fw27,667532886349,FW27 House Of Peonies,leonora-cape,10831717695821,Leonora Cape,0.66,New,no,190,107
house-of-peonies-fw27,667532886349,FW27 House Of Peonies,maristella-cape-1,10834734645581,Maristella Cape,0.65,New,no,283,108
house-of-peonies-fw27,667532886349,FW27 House Of Peonies,althea-skirt,10833805377869,Althea  Skirt,0.65,New,no,362,109
house-of-peonies-fw27,667532886349,FW27 House Of Peonies,tessa-dress,10834101633357,Tessa Dress,0.65,New,no,370,110
house-of-peonies-fw27,667532886349,FW27 House Of Peonies,talia-dress-1,10834083283277,Talia Dress,0.65,New,no,261,111
house-of-peonies-fw27,667532886349,FW27 House Of Peonies,eulalia-skirt,10833806360909,Eulalia Skirt,0.65,New,no,298,112
house-of-peonies-fw27,667532886349,FW27 House Of Peonies,leandra-dress-1,10833971741005,Leandra Dress,0.65,New,no,339,113
house-of-peonies-fw27,667532886349,FW27 House Of Peonies,katia-jumsuit,10834722324813,Katia Jumsuit,0.64,New,no,347,114
house-of-peonies-fw27,667532886349,FW27 House Of Peonies,copy-copy-79,10833934483789,Novalie LIMITED,0.64,New,no,293,115
house-of-peonies-fw27,667532886349,FW27 House Of Peonies,elowen-top,10831611429197,Elowen Top,0.64,New,no,255,116
house-of-peonies-fw27,667532886349,FW27 House Of Peonies,zelie-cape-1,10831669330253,Zelie Cape,0.64,New,no,225,117
house-of-peonies-fw27,667532886349,FW27 House Of Peonies,sorelia-limited,10833928782157,Sorelia LIMITED,0.64,New,no,319,118
house-of-peonies-fw27,667532886349,FW27 House Of Peonies,tessa-limited,10834115395917,Tessa LIMITED,0.63,New,no,307,119
house-of-peonies-fw27,667532886349,FW27 House Of Peonies,orietta-dress,10833897455949,Orietta Dress,0.63,New,no,277,120
house-of-peonies-fw27,667532886349,FW27 House Of Peonies,eloise-dress-1,10850840478029,Eloise Dress,0.63,New,no,281,121
house-of-peonies-fw27,667532886349,FW27 House Of Peonies,kalina-dress,10834708365645,Kalina Dress,2.17,New,yes,1878,122
house-of-peonies-fw27,667532886349,FW27 House Of Peonies,kiara-limited,10834095440205,Kiara LIMITED,0.66,New,yes,365,123
house-of-peonies-fw27,667532886349,FW27 House Of Peonies,kiara-dress,10834094031181,Kiara Dress,0.66,New,yes,309,124
peonies-blazers,667604451661,Peonies BLAZERS,jessamine-blazer,10833843290445,Jessamine Blazer,1.43,New,no,88,1
peonies-blazers,667604451661,Peonies BLAZERS,seraphina-blazer,10833848992077,Seraphina Blazer,1.22,New,no,48,2
peonies-dress,667533115725,Peonies DRESS,naia-dress,10834002870605,Naia Dress,4.39,New,no,4271,1
peonies-dress,667533115725,Peonies DRESS,daria-limited,10833962598733,Daria LIMITED,4.27,New,no,2488,2
peonies-dress,667533115725,Peonies DRESS,belisse-limited,10833955914061,Belisse LIMITED,3.76,New,no,2857,3
peonies-dress,667533115725,Peonies DRESS,olena-dress,10834006475085,Olena Dress,3.60,New,no,3256,4
peonies-dress,667533115725,Peonies DRESS,nerea-dress,10834097766733,Nerea Dress,2.56,New,no,1880,5
peonies-dress,667533115725,Peonies DRESS,belisse-dress,10833955160397,Belisse Dress,2.51,New,no,2449,6
peonies-dress,667533115725,Peonies DRESS,daria-dress,10833960927565,Daria Dress,2.46,New,no,2699,7
peonies-dress,667533115725,Peonies DRESS,adelie-dress,10833893097805,Adélie Dress,2.26,New,no,2141,8
peonies-dress,667533115725,Peonies DRESS,sorelia-limited-1,10833930387789,Araminta Dress,2.12,New,no,2590,9
peonies-dress,667533115725,Peonies DRESS,adara-dress,10834117951821,Adara Dress,1.86,New,no,1369,10
peonies-dress,667533115725,Peonies DRESS,liora-dress-1,10833878876493,Liora Dress,1.64,New,no,1444,11
peonies-dress,667533115725,Peonies DRESS,lyselle-dress,10833924161869,Lyselle Dress,1.60,New,no,1955,12
peonies-dress,667533115725,Peonies DRESS,alessa-dress,10833913938253,Alessa Dress,1.40,New,no,1567,13
peonies-dress,667533115725,Peonies DRESS,paloma-dress,10834069487949,Paloma Dress,1.38,New,no,1554,14
peonies-dress,667533115725,Peonies DRESS,alessandra-dress,10863687893325,Alessandra Dress,1.29,New,no,1326,15
peonies-dress,667533115725,Peonies DRESS,amarise-dress,10833918460237,Amarisé Dress,1.25,New,no,1123,16
peonies-dress,667533115725,Peonies DRESS,noir-dress,10906129269069,Noir Dress,1.21,New,no,24,17
peonies-dress,667533115725,Peonies DRESS,irina-dress,10834091508045,Irina Dress,1.14,New,no,1283,18
peonies-dress,667533115725,Peonies DRESS,mireya-dress,10833908760909,Mireya Dress,1.11,New,no,1178,19
peonies-dress,667533115725,Peonies DRESS,elettra-dress,10834705842509,Elettra Dress,1.02,New,no,808,20
peonies-dress,667533115725,Peonies DRESS,reina-dress-1,10834071912781,Reina Dress,0.99,New,no,1046,21
peonies-dress,667533115725,Peonies DRESS,petra-dress,10834711085389,Petra Dress,0.99,New,no,464,22
peonies-dress,667533115725,Peonies DRESS,maristelle-dress,10833922490701,Maristelle Dress,0.99,New,no,1100,23
peonies-dress,667533115725,Peonies DRESS,verona-dress,10834089836877,Verona Dress,0.99,New,no,1030,24
peonies-dress,667533115725,Peonies DRESS,ciela-dress,10833959190861,Ciela Dress,0.97,New,no,1061,25
peonies-dress,667533115725,Peonies DRESS,oriana-dress,10907702198605,Oriana Dress,0.97,New,no,58,26
peonies-dress,667533115725,Peonies DRESS,ismerie-dress,10833894801741,Ismerie Dress,0.93,New,no,1039,27
peonies-dress,667533115725,Peonies DRESS,eira-limited-1,10833965449549,Eira LIMITED,0.92,New,no,1009,28
peonies-dress,667533115725,Peonies DRESS,amorette-dress,10833895883085,Amorette Dress,0.91,New,no,917,29
peonies-dress,667533115725,Peonies DRESS,faline-dress,10833966629197,Faline Dress,0.89,New,no,997,30
peonies-dress,667533115725,Peonies DRESS,eira-dress-1,10833964007757,Eira Dress,0.85,New,no,539,31
peonies-dress,667533115725,Peonies DRESS,celeste-dress-1,10847613124941,Celeste Dress,0.82,New,no,544,32
peonies-dress,667533115725,Peonies DRESS,odessa-dress,10834099208525,Odessa Dress,0.81,New,no,806,33
peonies-dress,667533115725,Peonies DRESS,virelia-dress,10847552897357,Virelia Dress,0.79,New,no,849,34
peonies-dress,667533115725,Peonies DRESS,sorelia-dress,10833926947149,Sorelia Dress,0.78,New,no,217,35
peonies-dress,667533115725,Peonies DRESS,zafira-dress,10833902534989,Zafira Dress,0.78,New,no,705,36
peonies-dress,667533115725,Peonies DRESS,annelise-dress,10863625961805,Annelise Dress,0.73,New,no,607,37
peonies-dress,667533115725,Peonies DRESS,zafrina-dress,10834733793613,Zafrina Dress,0.72,New,no,686,38
peonies-dress,667533115725,Peonies DRESS,aviana-limited,10833951162701,Aviana LIMITED,0.69,New,no,616,39
peonies-dress,667533115725,Peonies DRESS,cressida-dress,10833916559693,Cressida Dress,0.68,New,no,616,40
peonies-dress,667533115725,Peonies DRESS,leandra-limited,10833979244877,Leandra LIMITED,0.65,New,no,583,41
peonies-dress,667533115725,Peonies DRESS,samara-dress,10834074337613,Samara Dress,0.65,New,no,650,42
peonies-dress,667533115725,Peonies DRESS,mirea-dress,10833985175885,Mirea Dress,0.64,New,no,179,43
peonies-dress,667533115725,Peonies DRESS,freya-dress,10834090557773,Freya Dress,0.64,New,no,526,44
peonies-dress,667533115725,Peonies DRESS,evadne-dress,10847616008525,Evadne Dress,0.62,New,no,576,45
peonies-dress,667533115725,Peonies DRESS,novalie-dress,10833931174221,Novalie Dress,0.62,New,no,206,46
peonies-dress,667533115725,Peonies DRESS,jolie-dress-1,10834092753229,Jolie Dress,0.62,New,no,537,47
peonies-dress,667533115725,Peonies DRESS,lavinia-dress-1,10833890148685,Lavinia Dress,0.62,New,no,539,48
peonies-dress,667533115725,Peonies DRESS,aviana-dress,10833949294925,Aviana Dress,0.62,New,no,450,49
peonies-dress,667533115725,Peonies DRESS,azelie-dress,10833853940045,Azélie Dress,0.61,New,no,426,50
peonies-dress,667533115725,Peonies DRESS,inessa-dress,10833969807693,Inessa Dress,0.60,New,no,382,51
peonies-dress,667533115725,Peonies DRESS,odelia-dress-1,10833920721229,Odelia Dress,0.60,New,no,394,52
peonies-dress,667533115725,Peonies DRESS,talia-dress-1,10834083283277,Talia Dress,0.60,New,no,261,53
peonies-dress,667533115725,Peonies DRESS,mirea-limited,10833998643533,Mirea LIMITED,0.60,New,no,443,54
peonies-dress,667533115725,Peonies DRESS,vianne-dress,10833912070477,Vianne Dress,0.58,New,no,355,55
peonies-dress,667533115725,Peonies DRESS,orietta-dress,10833897455949,Orietta Dress,0.58,New,no,277,56
peonies-dress,667533115725,Peonies DRESS,faline-dress-copy,10847566528845,Rosalie Dress,0.58,New,no,362,57
peonies-dress,667533115725,Peonies DRESS,malina-dress,10834710036813,Malina Dress,0.58,New,no,353,58
peonies-dress,667533115725,Peonies DRESS,copy-copy-79,10833934483789,Novalie LIMITED,0.58,New,no,293,59
peonies-dress,667533115725,Peonies DRESS,tessa-dress,10834101633357,Tessa Dress,0.57,New,no,370,60
peonies-dress,667533115725,Peonies DRESS,sorelia-limited,10833928782157,Sorelia LIMITED,0.57,New,no,319,61
peonies-dress,667533115725,Peonies DRESS,eloise-dress-1,10850840478029,Eloise Dress,0.57,New,no,281,62
peonies-dress,667533115725,Peonies DRESS,leandra-dress-1,10833971741005,Leandra Dress,0.57,New,no,339,63
peonies-dress,667533115725,Peonies DRESS,tessa-limited,10834115395917,Tessa LIMITED,0.57,New,no,307,64
peonies-dress,667533115725,Peonies DRESS,kalina-dress,10834708365645,Kalina Dress,1.70,New,yes,1878,65
peonies-dress,667533115725,Peonies DRESS,kiara-dress,10834094031181,Kiara Dress,0.59,New,yes,309,66
peonies-dress,667533115725,Peonies DRESS,kiara-limited,10834095440205,Kiara LIMITED,0.57,New,yes,365,67
peonies-jumpsuits,667533574477,Peonies JUMPSUITS,tamara-jumsuit,10834724651341,Tamara Jumsuit,1.52,New,no,1146,1
peonies-jumpsuits,667533574477,Peonies JUMPSUITS,bianca-jumsuit,10834721472845,Bianca Jumsuit,1.40,New,no,955,2
peonies-jumpsuits,667533574477,Peonies JUMPSUITS,leontine-jumsuit,10834723045709,Leontine Jumsuit,1.00,New,no,698,3
peonies-jumpsuits,667533574477,Peonies JUMPSUITS,rafaela-jumsuit,10834723832141,Rafaela Jumsuit,0.83,New,no,524,4
peonies-jumpsuits,667533574477,Peonies JUMPSUITS,katia-jumsuit,10834722324813,Katia Jumsuit,0.69,New,no,347,5
peonies-kimono-dress,667533181261,Peonies KIMONO DRESSES,alessia-kimono,10833837261133,Alessia Kimono,1.72,New,no,694,1
peonies-kimono-dress,667533181261,Peonies KIMONO DRESSES,ameline-kimono,10833834901837,Ameline  Kimono,1.44,New,no,802,2
peonies-kimono-dress,667533181261,Peonies KIMONO DRESSES,leonie-kimono,10833830773069,Leonie Kimono,1.11,New,no,744,3
peonies-kimono-dress,667533181261,Peonies KIMONO DRESSES,valeria-kimono,10833826283853,Valeria Kimono,0.88,New,no,533,4
peonies-kimono-dress,667533181261,Peonies KIMONO DRESSES,sabine-kimono,10833829331277,Sabine Kimono,0.87,New,no,531,5
peonies-kimono-dress,667533181261,Peonies KIMONO DRESSES,sereia-kimono,10833841258829,Sereia Kimono,0.80,New,no,461,6
peonies-kimono-dress,667533181261,Peonies KIMONO DRESSES,oriella-kimono,10833820385613,Oriella Kimono,0.77,New,no,397,7
peonies-pants,667533541709,Peonies PANTS,evania-pants,10831763931469,Evania Pants,1.91,New,no,231,1
peonies-pants,667533541709,Peonies PANTS,violetta-pants,10831729623373,Violetta Pants,1.51,New,no,157,2
peonies-pants,667533541709,Peonies PANTS,seraphina-pants,10831770747213,Seraphina Pants,1.17,New,no,36,3
peonies-pants,667533541709,Peonies PANTS,maristella-cape,10831722840397,Oriane Pants,1.13,New,no,107,4
peonies-pants,667533541709,Peonies PANTS,jessamine-pants,10831736045901,Jessamine Pants,1.12,New,no,50,5
peonies-skirts,667533476173,Peonies SKIRTS,ameline-skirt,10833816387917,Ameline  Skirt,2.01,New,no,520,1
peonies-skirts,667533476173,Peonies SKIRTS,calista-skirt,10831800795469,Calista Skirt,1.95,New,no,831,2
peonies-skirts,667533476173,Peonies SKIRTS,elara-skirt,10833813078349,Elara  Skirt,1.64,New,no,697,3
peonies-skirts,667533476173,Peonies SKIRTS,cassia-skirt,10833817010509,Cassia  Skirt,1.58,New,no,292,4
peonies-skirts,667533476173,Peonies SKIRTS,althea-skirt,10833805377869,Althea  Skirt,1.00,New,no,362,5
peonies-skirts,667533476173,Peonies SKIRTS,eulalia-skirt,10833806360909,Eulalia Skirt,0.95,New,no,298,6
peonies-skirts,667533476173,Peonies SKIRTS,maelle-skirt,10831789752653,Maelle Skirt,0.92,New,no,230,7
peonies-skirts,667533476173,Peonies SKIRTS,vespera-skirt,10833797644621,Vespera  Skirt,0.92,New,no,79,8
peonies-skirts,667533476173,Peonies SKIRTS,elowen-skirt-1,10833793253709,Elowen  Skirt,0.88,New,no,99,9
peonies-skirts,667533476173,Peonies SKIRTS,aveline-skirt,10831781691725,Aveline Skirt,0.84,New,no,171,10
peonies-skirts,667533476173,Peonies SKIRTS,lysandra-skirt,10833814716749,Lysandra Skirt,0.80,New,no,186,11
peonies-tops,667533246797,Peonies TOPS,melisande-top-1,10831622013261,Melisande Top,3.03,New,no,1396,1
peonies-tops,667533246797,Peonies TOPS,belisse-cape,10831625519437,Belisse  Cape,2.89,New,no,1029,2
peonies-tops,667533246797,Peonies TOPS,ameline-top-1,10831704588621,Ameline Top,2.70,New,no,842,3
peonies-tops,667533246797,Peonies TOPS,eira-cape-1,10831635022157,Eira  Cape,1.89,New,no,563,4
peonies-tops,667533246797,Peonies TOPS,ameline-top,10831700951373,Ameline Top,1.72,New,no,404,5
peonies-tops,667533246797,Peonies TOPS,aviana-cape,10831648227661,Aviana  Cape,1.61,New,no,712,6
peonies-tops,667533246797,Peonies TOPS,amaris-top,10831673491789,Amaris Top,1.47,New,no,290,7
peonies-tops,667533246797,Peonies TOPS,daria-cape,10831632204109,Daria  Cape,1.10,New,no,384,8
peonies-tops,667533246797,Peonies TOPS,elowen-top-1,10831615459661,Vespera Top,0.98,New,no,65,9
peonies-tops,667533246797,Peonies TOPS,mya-top,10831714812237,Mya Shirt,0.96,New,no,69,10
peonies-tops,667533246797,Peonies TOPS,maristella-cape-1,10834734645581,Maristella Cape,0.90,New,no,283,11
peonies-tops,667533246797,Peonies TOPS,maelle-top,10831601533261,Maelle Top,0.88,New,no,119,12
peonies-tops,667533246797,Peonies TOPS,aveline-top-1,10831558803789,Aveline Top,0.87,New,no,111,13
peonies-tops,667533246797,Peonies TOPS,cassia-top,10831707406669,Cassia Top,0.87,New,no,114,14
peonies-tops,667533246797,Peonies TOPS,calista-top,10831609299277,Calista Top,0.87,New,no,207,15
peonies-tops,667533246797,Peonies TOPS,elara-top,10831695315277,Elara Top,0.86,New,no,222,16
peonies-tops,667533246797,Peonies TOPS,evania-top,10831701770573,Evania Top,0.86,New,no,131,17
peonies-tops,667533246797,Peonies TOPS,elowen-top,10831611429197,Elowen Top,0.85,New,no,255,18
peonies-tops,667533246797,Peonies TOPS,oriane-top,10831663268173,Oriane Top,0.84,New,no,126,19
peonies-tops,667533246797,Peonies TOPS,melisande-top,10831618048333,Althea Top,0.83,New,no,138,20
peonies-tops,667533246797,Peonies TOPS,zinnia-cape,10834735432013,Zinnia Cape,0.83,New,no,192,21
peonies-tops,667533246797,Peonies TOPS,zelie-cape-1,10831669330253,Zelie Cape,0.82,New,no,225,22
peonies-tops,667533246797,Peonies TOPS,leonora-cape,10831717695821,Leonora Cape,0.79,New,no,190,23
ss26-sirens,664695505229,SS26 SIRENS,elodie-dress,10566138757453,Elodie Φόρεμα,11.07,Hero,no,38367,1
ss26-sirens,664695505229,SS26 SIRENS,marbella-dress,10814110531917,Marbella Dress,5.14,Hero,no,6719,2
ss26-sirens,664695505229,SS26 SIRENS,crystalia,10652663251277,Crystalia Φόρεμα,4.79,Hero,no,19946,3
ss26-sirens,664695505229,SS26 SIRENS,victoria,10697115926861,Victoria Φόρεμα,3.91,Hero,no,17323,4
ss26-sirens,664695505229,SS26 SIRENS,sylvia,10714453999949,Sylvia Κιμονό,3.78,Hero,no,12882,5
ss26-sirens,664695505229,SS26 SIRENS,sophia,10642032361805,Sophia Φόρεμα,2.81,Strong,no,12047,6
ss26-sirens,664695505229,SS26 SIRENS,stella-top-1,10718845763917,Domna Φούστα,2.76,Strong,no,9974,7
ss26-sirens,664695505229,SS26 SIRENS,greta-dress,10566155960653,Greta Φόρεμα,2.71,Strong,no,9251,8
ss26-sirens,664695505229,SS26 SIRENS,nerida,10710349381965,Nerida Φόρεμα,2.70,Strong,no,8969,9
ss26-sirens,664695505229,SS26 SIRENS,noelle,10786243215693,Noelle Φόρεμα,2.30,Strong,no,5265,10
ss26-sirens,664695505229,SS26 SIRENS,doris,10730899734861,Doris Φούστα,2.22,Strong,no,6377,11
ss26-sirens,664695505229,SS26 SIRENS,coco-skirt,10730655580493,Coco Φούστα,2.15,Strong,no,5868,12
ss26-sirens,664695505229,SS26 SIRENS,rosalie-2,10786210480461,Rosalie Φόρεμα,2.04,Strong,no,4660,13
ss26-sirens,664695505229,SS26 SIRENS,maeva-dress,10566112903501,Maeva Φόρεμα,1.71,Strong,no,3089,14
ss26-sirens,664695505229,SS26 SIRENS,leandra-dress,10814122819917,Leandra Dress,1.63,Strong,no,2198,15
ss26-sirens,664695505229,SS26 SIRENS,ioli,10728698184013,Ioli Φόρεμα,1.50,Strong,no,6327,16
ss26-sirens,664695505229,SS26 SIRENS,zoe-pants,10564703289677,Zoe Παντελόνα,1.48,Average,no,5365,17
ss26-sirens,664695505229,SS26 SIRENS,kirki-kimono,10730877223245,Kirki Κιμονό,1.48,Average,no,5513,18
ss26-sirens,664695505229,SS26 SIRENS,melin-skirt,10804947190093,Melin Skirt,1.46,Average,no,1780,19
ss26-sirens,664695505229,SS26 SIRENS,livia-copy,10786186232141,Rose Ολόσωμη φόρμα,1.43,Average,no,3229,20
ss26-sirens,664695505229,SS26 SIRENS,melin-top,10804955087181,Melin Top,1.41,Average,no,1649,21
ss26-sirens,664695505229,SS26 SIRENS,nerissa-kimono-pink,10559204852045,Nerissa Κιμονό ροζ,1.38,Average,no,4575,22
ss26-sirens,664695505229,SS26 SIRENS,eve-copy,10670927511885,Selene Ολόσωμη φόρμα,1.30,Average,no,5395,23
ss26-sirens,664695505229,SS26 SIRENS,auralis-kimono,10563066659149,Auralis Κιμονό,1.27,Average,no,4655,24
ss26-sirens,664695505229,SS26 SIRENS,runa-top,10566035374413,Runa Τοπ,1.25,Average,no,5147,25
ss26-sirens,664695505229,SS26 SIRENS,magnolia-top,10731569217869,Magnolia Τοπ,1.21,Average,no,4031,26
ss26-sirens,664695505229,SS26 SIRENS,ione-2,10710363537741,Ione Φόρεμα,1.17,Average,no,5338,27
ss26-sirens,664695505229,SS26 SIRENS,magnolia-skirt,10566041698637,Magnolia Φούστα,1.16,Average,no,4244,28
ss26-sirens,664695505229,SS26 SIRENS,calypso-skirt-blue,10559198298445,Calypso Skirt Blue,1.12,Average,no,3838,29
ss26-sirens,664695505229,SS26 SIRENS,nerina-dress,10814128783693,Nerina Dress,1.09,Average,no,1149,30
ss26-sirens,664695505229,SS26 SIRENS,aura,10633856221517,Aura Φόρεμα,1.06,Average,no,4354,31
ss26-sirens,664695505229,SS26 SIRENS,camelia,10663947960653,Camelia Φόρεμα,1.06,Average,no,3911,32
ss26-sirens,664695505229,SS26 SIRENS,doris-1,10730911793485,Doris Τοπ,1.04,Average,no,3100,33
ss26-sirens,664695505229,SS26 SIRENS,marceline,10786231877965,Marceline Φόρεμα,1.02,Average,no,2561,34
ss26-sirens,664695505229,SS26 SIRENS,calypso-top-pink,10559183356237,Calypso Τοπ ροζ,1.00,Average,no,2979,35
ss26-sirens,664695505229,SS26 SIRENS,ione-1,10657683439949,Ione Φούστα,0.98,Average,no,4072,36
ss26-sirens,664695505229,SS26 SIRENS,nefeli,10728541159757,Nefeli Φόρεμα,0.98,Average,no,3741,37
ss26-sirens,664695505229,SS26 SIRENS,kirki,10730842784077,Kirki Τοπ,0.98,Average,no,2669,38
ss26-sirens,664695505229,SS26 SIRENS,nora,10758769738061,Nora Τοπ,0.90,Average,no,2002,39
ss26-sirens,664695505229,SS26 SIRENS,solea,10740788068685,Solea Φούστα,0.76,Average,no,1956,40
ss26-sirens,664695505229,SS26 SIRENS,meria-dress,10563092447565,Meria Φόρεμα,0.73,Average,no,3030,41
ss26-sirens,664695505229,SS26 SIRENS,margie-dress,10566101827917,Margie Φόρεμα,0.72,Average,no,2780,42
ss26-sirens,664695505229,SS26 SIRENS,stella-kimono,10564824432973,Stella Κιμονό,0.69,Average,no,2495,43
ss26-sirens,664695505229,SS26 SIRENS,eve-jumpsuit,10566210683213,Eve Ολόσωμη φόρμα,0.68,Average,no,2843,44
ss26-sirens,664695505229,SS26 SIRENS,liberty-dress,10566102974797,Liberty Φόρεμα,0.66,Average,no,2042,45
ss26-sirens,664695505229,SS26 SIRENS,gaia-jumpsuit,10563135537485,Gaia Ολόσωμη φόρμα,0.66,Average,no,2809,46
ss26-sirens,664695505229,SS26 SIRENS,livia-dress,10563406201165,Livia Φόρεμα,0.64,Average,no,2632,47
ss26-sirens,664695505229,SS26 SIRENS,zale-dress,10563130229069,Zale Φόρεμα,0.62,Average,no,2833,48
ss26-sirens,664695505229,SS26 SIRENS,isabella,10710401483085,Isabella Φούστα,0.61,Average,no,2235,49
ss26-sirens,664695505229,SS26 SIRENS,viora,10636342690125,Viora Φόρεμα,0.58,Average,no,2091,50
ss26-sirens,664695505229,SS26 SIRENS,solea-1,10740803436877,Solea Τοπ,0.57,Average,no,1372,51
ss26-sirens,664695505229,SS26 SIRENS,myrtle-dress-1,10563103392077,Myrtle Φόρεμα,0.56,Average,no,2200,52
ss26-sirens,664695505229,SS26 SIRENS,elyra-pants,10563246784845,Elyra Παντελόνα,0.56,Average,no,2146,53
ss26-sirens,664695505229,SS26 SIRENS,sienna-copy,10697387508045,Patricia Τοπ,0.55,Average,no,2028,54
ss26-sirens,664695505229,SS26 SIRENS,aria-skirt-1,10563312714061,Aria Skirt,0.54,Average,no,2041,55
ss26-sirens,664695505229,SS26 SIRENS,shona-pants,10564789961037,Shona Παντελόνα,0.54,Average,no,2403,56
ss26-sirens,664695505229,SS26 SIRENS,ismini-1,10745646252365,Ismini Φούστα,0.53,Average,no,1349,57
ss26-sirens,664695505229,SS26 SIRENS,rinna,10657650803021,Rinna Φόρεμα,0.52,Average,no,1970,58
ss26-sirens,664695505229,SS26 SIRENS,elyra-top,10563231154509,Elyra Τοπ,0.50,Average,no,1849,59
ss26-sirens,664695505229,SS26 SIRENS,lyla-skirt,10563307635021,Lyla Skirt,0.49,Low,no,1538,60
ss26-sirens,664695505229,SS26 SIRENS,hilda-dress-champagne,10564841374029,Hilda Φόρεμα σαμπανιζέ,0.48,Low,no,1744,61
ss26-sirens,664695505229,SS26 SIRENS,moss-dress-1,10563105227085,Moss Φόρεμα,0.47,Low,no,1769,62
ss26-sirens,664695505229,SS26 SIRENS,hilda-dress-dusty-pink,10566100255053,Hilda Dusty Φόρεμα ροζ,0.45,Low,no,1785,63
ss26-sirens,664695505229,SS26 SIRENS,debbie-pants,10564787011917,Debbie Παντελόνα,0.43,Low,no,1455,64
ss26-sirens,664695505229,SS26 SIRENS,lyla-top,10563222045005,Lyla Τοπ,0.43,Low,no,1281,65
ss26-sirens,664695505229,SS26 SIRENS,indira-skirt,10563304816973,Indira Skirt,0.41,Low,no,1345,66
ss26-sirens,664695505229,SS26 SIRENS,irida-top,10730927784269,Irida Τοπ,0.41,Low,no,609,67
ss26-sirens,664695505229,SS26 SIRENS,isabellatop,10710406005069,Isabella Τοπ,0.40,Low,no,1220,68
ss26-sirens,664695505229,SS26 SIRENS,ione,10657672266061,Ione Τοπ,0.38,Low,no,940,69
ss26-sirens,664695505229,SS26 SIRENS,aria-top-1,10563232760141,Aria Τοπ,0.34,Low,no,1141,70
ss26-sirens,664695505229,SS26 SIRENS,elyra-body,10563024912717,Elyra Κορμάκι,0.32,Low,no,1066,71
ss26-sirens,664695505229,SS26 SIRENS,zaria-top,10563046768973,Zaria Τοπ,0.29,Low,no,845,72
ss26-sirens,664695505229,SS26 SIRENS,livia-skirt,10563055878477,Livia Skirt,0.28,Low,no,1034,73
ss26-sirens,664695505229,SS26 SIRENS,shona-shirt,10564578804045,Shona Πουκάμισο,0.27,Low,no,1224,74
ss26-sirens,664695505229,SS26 SIRENS,meline-copy,10644362002765,Lavelle  Φόρεμα,0.24,Low,no,890,75
ss26-sirens,664695505229,SS26 SIRENS,glinda-skirt,10566351814989,Glinda Skirt,0.24,Low,no,793,76
ss26-sirens,664695505229,SS26 SIRENS,mae-top,10564537778509,Mae Τοπ,0.18,Low,no,433,77
ss26-sirens,664695505229,SS26 SIRENS,livia-top,10563040510285,Livia Τοπ,0.18,Low,no,594,78
ss26-sirens,664695505229,SS26 SIRENS,stella-top,10563234267469,Stella Τοπ,0.18,Low,no,652,79
ss26-sirens,664695505229,SS26 SIRENS,shona-skirt,10564766138701,Shona Skirt,0.14,Low,no,668,80
ss26-sirens,664695505229,SS26 SIRENS,copy-copy-69,10633886466381,Linea Φόρεμα,0.12,Low,no,524,81
ss26-sirens,664695505229,SS26 SIRENS,copy-copy-71,10633887056205,Aluna Φόρεμα,0.09,Low,no,200,82
ss26-sirens,664695505229,SS26 SIRENS,thalea,10633917563213,Thalea Φόρεμα,0.08,Low,no,185,83
ss26-sirens,664695505229,SS26 SIRENS,ismera,10633929261389,Ismera Φόρεμα,0.08,Low,no,409,84
ss26-sirens,664695505229,SS26 SIRENS,copy-copy-77,10633966977357,Isenor Φόρεμα,0.04,Low,no,83,85
ss26-sirens,664695505229,SS26 SIRENS,stella,10718851137869,Domna Τοπ,4.76,Hero,yes,21290,86
ss26-sirens,664695505229,SS26 SIRENS,hilary-dress,10566159991117,Hilary Φόρεμα,3.91,Hero,yes,14803,87
ss26-sirens,664695505229,SS26 SIRENS,dioni,10730727440717,Dioni Φόρεμα,3.63,Hero,yes,10720,88
ss26-sirens,664695505229,SS26 SIRENS,evelisse-limited,10652612165965,Evelisse LIMITED Φόρεμα,3.44,Hero,yes,11724,89
ss26-sirens,664695505229,SS26 SIRENS,ariel-siren-dress-blue,10559049138509,Ariel Siren Φόρεμα γαλάζιο,3.16,Hero,yes,12733,90
ss26-sirens,664695505229,SS26 SIRENS,marisa,10671661482317,Marisa Φόρεμα,2.91,Strong,yes,10471,91
ss26-sirens,664695505229,SS26 SIRENS,velora,10634112041293,Velora Φόρεμα,2.86,Strong,yes,8155,92
ss26-sirens,664695505229,SS26 SIRENS,dalia-dress,10728598831437,Dalia Φόρεμα,2.69,Strong,yes,11225,93
ss26-sirens,664695505229,SS26 SIRENS,copy-copy-75,10633925165389,Delya Φόρεμα,2.46,Strong,yes,10252,94
ss26-sirens,664695505229,SS26 SIRENS,helia-dress,10563090907469,Helia Φόρεμα,2.42,Strong,yes,9780,95
ss26-sirens,664695505229,SS26 SIRENS,scorpios-limited,10731628429645,Scorpios LIMITED,2.39,Strong,yes,7897,96
ss26-sirens,664695505229,SS26 SIRENS,coco,10730619339085,Coco Τοπ,2.28,Strong,yes,6010,97
ss26-sirens,664695505229,SS26 SIRENS,soraya,10643352158541,Soraya Φόρεμα,2.28,Strong,yes,7652,98
ss26-sirens,664695505229,SS26 SIRENS,empress-top,10073195905357,Empress Top,2.20,Strong,yes,6484,99
ss26-sirens,664695505229,SS26 SIRENS,lumira,10633956557133,Lumira Φόρεμα,2.11,Strong,yes,9159,100
ss26-sirens,664695505229,SS26 SIRENS,perla,10730988405069,Perla Φόρεμα,1.93,Strong,yes,5688,101
ss26-sirens,664695505229,SS26 SIRENS,elise,10664056750413,Elise Φόρεμα,1.87,Strong,yes,7589,102
ss26-sirens,664695505229,SS26 SIRENS,phoebe-dress,10564863885645,Phoebe Φόρεμα,1.86,Strong,yes,7952,103
ss26-sirens,664695505229,SS26 SIRENS,asteria-dress,10563094708557,Asteria Φόρεμα,1.83,Strong,yes,6985,104
ss26-sirens,664695505229,SS26 SIRENS,lydia,10714458063181,Lydia Κιμονό,1.80,Strong,yes,8163,105
ss26-sirens,664695505229,SS26 SIRENS,solenne,10644069187917,Solenne Φόρεμα,1.69,Strong,yes,7771,106
ss26-sirens,664695505229,SS26 SIRENS,empress-skirt,10074122977613,Empress Skirt,1.67,Strong,yes,5499,107
ss26-sirens,664695505229,SS26 SIRENS,thalina-dress-1,10559114215757,Thalina Φόρεμα,1.65,Strong,yes,4040,108
ss26-sirens,664695505229,SS26 SIRENS,electra-dress,10584479564109,Electra Φόρεμα,1.60,Strong,yes,6501,109
ss26-sirens,664695505229,SS26 SIRENS,astor-kimono,10566045172045,Astor Kimono,1.60,Strong,yes,6537,110
ss26-sirens,664695505229,SS26 SIRENS,capri-1,10731572789581,Capri Τοπ,1.57,Strong,yes,5528,111
ss26-sirens,664695505229,SS26 SIRENS,rayne-dress,10564896391501,Rayne Φόρεμα,1.51,Strong,yes,6940,112
ss26-sirens,664695505229,SS26 SIRENS,calyra-dress,10563075998029,Calyra Φόρεμα,1.50,Strong,yes,5681,113
ss26-sirens,664695505229,SS26 SIRENS,orlaya-1,10641885364557,Orlaya Φούστα,1.41,Average,yes,5181,114
ss26-sirens,664695505229,SS26 SIRENS,thalassa-limited,10657844953421,Thalassa LIMITED Φόρεμα,1.38,Average,yes,5539,115
ss26-sirens,664695505229,SS26 SIRENS,lea-dress,10566090916173,Lea Φόρεμα,1.37,Average,yes,4199,116
ss26-sirens,664695505229,SS26 SIRENS,melina,10714445873485,Melina Κιμονό,1.37,Average,yes,5012,117
ss26-sirens,664695505229,SS26 SIRENS,norah-kimono,10566086492493,Norah Κιμονό,1.33,Average,yes,5492,118
ss26-sirens,664695505229,SS26 SIRENS,coralia-dress,10566166413645,Coralia Φόρεμα,1.32,Average,yes,5274,119
ss26-sirens,664695505229,SS26 SIRENS,copy-2,10588786295117,Linus Φόρεμα,1.26,Average,yes,6068,120
ss26-sirens,664695505229,SS26 SIRENS,glowen-dress,10564884070733,Glowen Φόρεμα,1.23,Average,yes,4810,121
ss26-sirens,664695505229,SS26 SIRENS,copy-copy-78,10633971007821,Thalior Φόρεμα,1.22,Average,yes,5291,122
ss26-sirens,664695505229,SS26 SIRENS,calypso-skirt-pink,10559200788813,Calypso Skirt Pink,1.21,Average,yes,4291,123
ss26-sirens,664695505229,SS26 SIRENS,melin-dress,10566165102925,Melin Φόρεμα,1.15,Average,yes,4266,124
ss26-sirens,664695505229,SS26 SIRENS,thalassa-dress,10563128525133,Thalassa Φόρεμα,1.10,Average,yes,3268,125
ss26-sirens,664695505229,SS26 SIRENS,capri,10731571183949,Capri Φούστα,1.09,Average,yes,3479,126
ss26-sirens,664695505229,SS26 SIRENS,lilu-jumpsuit,10566207308109,Lilu Ολόσωμη φόρμα,1.09,Average,yes,4533,127
ss26-sirens,664695505229,SS26 SIRENS,argenta-cape,10563227615565,Argenta Κάπα,1.08,Average,yes,4111,128
ss26-sirens,664695505229,SS26 SIRENS,nerissa-kimono-blue,10559203049805,Nerissa Κιμονό μπλε,1.07,Average,yes,3085,129
ss26-sirens,664695505229,SS26 SIRENS,ariel-siren-limited,10571427971405,Ariel Siren LIMITED Φόρεμα,1.06,Average,yes,3470,130
ss26-sirens,664695505229,SS26 SIRENS,kirki-skirt,10730866344269,Kirki Φούστα,1.04,Average,yes,3698,131
ss26-sirens,664695505229,SS26 SIRENS,argenta-kimono,10563359539533,Argenta Κιμονό,1.02,Average,yes,3102,132
ss26-sirens,664695505229,SS26 SIRENS,aria-kimono,10564825186637,Aria Κιμονό,1.02,Average,yes,4029,133
ss26-sirens,664695505229,SS26 SIRENS,nai-dress,10563110994253,Nai Φόρεμα,1.01,Average,yes,4669,134
ss26-sirens,664695505229,SS26 SIRENS,nola-jumpsuit,10566211600717,Nola Ολόσωμη φόρμα,1.00,Average,yes,4818,135
ss26-sirens,664695505229,SS26 SIRENS,elyra-dress,10563404235085,Elyra Φόρεμα,1.00,Average,yes,3912,136
ss26-sirens,664695505229,SS26 SIRENS,argenta-jumpsuit,10563172696397,Argenta Ολόσωμη φόρμα,0.99,Average,yes,3840,137
ss26-sirens,664695505229,SS26 SIRENS,fiorella-white,10810757415245,Fiorella White Dress,0.99,Average,yes,1258,138
ss26-sirens,664695505229,SS26 SIRENS,serina,10633912582477,Serina Φόρεμα,0.99,Average,yes,4608,139
ss26-sirens,664695505229,SS26 SIRENS,aegea-dress,10563131900237,Aegea Φόρεμα,0.97,Average,yes,4231,140
ss26-sirens,664695505229,SS26 SIRENS,neta-top,10566385434957,Neta Τοπ,0.94,Average,yes,3741,141
ss26-sirens,664695505229,SS26 SIRENS,eris-dress,10566174114125,Eris Φόρεμα,0.94,Average,yes,3586,142
ss26-sirens,664695505229,SS26 SIRENS,s26-5048,10559098978637,Ariel Siren Φόρεμα ροζ,0.91,Average,yes,3979,143
ss26-sirens,664695505229,SS26 SIRENS,aster-kimono,10559208358221,Aster Κιμονό,0.89,Average,yes,3754,144
ss26-sirens,664695505229,SS26 SIRENS,copy-copy-73,10633890300237,Velina Φόρεμα,0.88,Average,yes,3514,145
ss26-sirens,664695505229,SS26 SIRENS,thalia-dress,10563095920973,Thalia Φόρεμα,0.88,Average,yes,3106,146
ss26-sirens,664695505229,SS26 SIRENS,cloe-dress,10566161531213,Cloe Φόρεμα,0.86,Average,yes,3186,147
ss26-sirens,664695505229,SS26 SIRENS,elyra-cape,10563208315213,Elyra Κάπα,0.84,Average,yes,3260,148
ss26-sirens,664695505229,SS26 SIRENS,irida-kimono,10730818896205,Irida Κιμονό,0.83,Average,yes,3815,149
ss26-sirens,664695505229,SS26 SIRENS,monique-kimono,10566047891789,Monique Κιμονό,0.82,Average,yes,3169,150
ss26-sirens,664695505229,SS26 SIRENS,oceane-jumpsuit,10563149726029,Oceane Ολόσωμη φόρμα,0.80,Average,yes,3272,151
ss26-sirens,664695505229,SS26 SIRENS,kathy-dress,10566165856589,Kathy Φόρεμα,0.79,Average,yes,3403,152
ss26-sirens,664695505229,SS26 SIRENS,patricia,10697411199309,Patricia Φόρεμα,0.77,Average,yes,3495,153
ss26-sirens,664695505229,SS26 SIRENS,menda-dress,10566167626061,Menda Φόρεμα,0.72,Average,yes,3291,154
ss26-sirens,664695505229,SS26 SIRENS,dore-dress,10564872208717,Dore Φόρεμα,0.72,Average,yes,3082,155
ss26-sirens,664695505229,SS26 SIRENS,zaria-jumpsuit,10563145236813,Zaria Ολόσωμη φόρμα,0.69,Average,yes,2725,156
ss26-sirens,664695505229,SS26 SIRENS,azalea-dress,10566201803085,Azalea Φόρεμα,0.66,Average,yes,2620,157
ss26-sirens,664695505229,SS26 SIRENS,sierra-dress-1,10566111854925,Sierra Φόρεμα,0.63,Average,yes,2836,158
ss26-sirens,664695505229,SS26 SIRENS,shona-kimono,10564823515469,Shona Κιμονό,0.61,Average,yes,2703,159
ss26-sirens,664695505229,SS26 SIRENS,nora-1,10758774489421,Nora Φούστα,0.59,Average,yes,1648,160
ss26-sirens,664695505229,SS26 SIRENS,calypso-shirt-blue,10559144755533,Calypso Πουκάμισο γαλάζιο,0.58,Average,yes,1768,161
ss26-sirens,664695505229,SS26 SIRENS,midas-dress,10566098714957,Midas Φόρεμα,0.56,Average,yes,2333,162
ss26-sirens,664695505229,SS26 SIRENS,byron-dress,10566130303309,Byron Φόρεμα,0.56,Average,yes,2682,163
ss26-sirens,664695505229,SS26 SIRENS,astra-dress,10566182437197,Astra Φόρεμα,0.55,Average,yes,1454,164
ss26-sirens,664695505229,SS26 SIRENS,eirys-skirt,10563065413965,Eirys Skirt,0.52,Average,yes,2016,165
ss26-sirens,664695505229,SS26 SIRENS,sonia-dress,10564952752461,Sonia Φόρεμα,0.52,Average,yes,2508,166
ss26-sirens,664695505229,SS26 SIRENS,livia-jumpsuit,10563137044813,Livia Ολόσωμη φόρμα,0.51,Average,yes,2017,167
ss26-sirens,664695505229,SS26 SIRENS,krista-dress,10566185877837,Krista Φόρεμα,0.51,Average,yes,1672,168
ss26-sirens,664695505229,SS26 SIRENS,rayne-pants,10564908613965,Rayne Παντελόνα,0.51,Average,yes,2358,169
ss26-sirens,664695505229,SS26 SIRENS,nadia-dress,10730779771213,Nadia Φόρεμα,0.50,Average,yes,1838,170
ss26-sirens,664695505229,SS26 SIRENS,sylla-dress,10566150095181,Sylla Φόρεμα,0.50,Average,yes,2003,171
ss26-sirens,664695505229,SS26 SIRENS,orlaya,10641862000973,Orlaya Τοπ,0.50,Average,yes,1827,172
ss26-sirens,664695505229,SS26 SIRENS,indira-top,10563199992141,Indira Τοπ,0.49,Low,yes,1918,173
ss26-sirens,664695505229,SS26 SIRENS,orlaya-2,10641906958669,Orlaya Φούστα Ροζ,0.49,Low,yes,2264,174
ss26-sirens,664695505229,SS26 SIRENS,myriam-dress,10566163464525,Myriam Φόρεμα,0.49,Low,yes,2321,175
ss26-sirens,664695505229,SS26 SIRENS,nai-limited-dress,10571365515597,Nai LIMITED Φόρεμα,0.47,Low,yes,1841,176
ss26-sirens,664695505229,SS26 SIRENS,norel,10634213425485,Norel Φόρεμα,0.45,Low,yes,2058,177
ss26-sirens,664695505229,SS26 SIRENS,zoe-kimono,10564757815629,Zoe Κιμονό,0.44,Low,yes,1751,178
ss26-sirens,664695505229,SS26 SIRENS,thetis,10730953146701,Thetis Τοπ,0.43,Low,yes,297,179
ss26-sirens,664695505229,SS26 SIRENS,phoebe-limited-edition,10571285266765,Phoebe LIMITED Edition Φόρεμα,0.43,Low,yes,1773,180
ss26-sirens,664695505229,SS26 SIRENS,saffron-dress,10566145638733,Saffron Φόρεμα,0.43,Low,yes,2063,181
ss26-sirens,664695505229,SS26 SIRENS,rosea,10633906127181,Rosea Φόρεμα,0.42,Low,yes,1762,182
ss26-sirens,664695505229,SS26 SIRENS,calypso-pants,10559196856653,Calypso Παντελόνα,0.41,Low,yes,1288,183
ss26-sirens,664695505229,SS26 SIRENS,zaria-skirt,10563065872717,Zaria Skirt,0.40,Low,yes,1598,184
ss26-sirens,664695505229,SS26 SIRENS,elaria-copy,10710381297997,Etoile Φόρεμα,0.39,Low,yes,1873,185
ss26-sirens,664695505229,SS26 SIRENS,indy-top,10563435102541,Indy Τοπ,0.39,Low,yes,1665,186
ss26-sirens,664695505229,SS26 SIRENS,mare-top,10731588223309,Mare Τοπ,0.38,Low,yes,385,187
ss26-sirens,664695505229,SS26 SIRENS,myra-skirt,10563057189197,Myra Skirt,0.37,Low,yes,1257,188
ss26-sirens,664695505229,SS26 SIRENS,myrielle,10657829552461,Myrielle Φόρεμα,0.37,Low,yes,1761,189
ss26-sirens,664695505229,SS26 SIRENS,ophelia-skirt,10563290530125,Ophelia Skirt,0.36,Low,yes,926,190
ss26-sirens,664695505229,SS26 SIRENS,zoe-cape,10563437789517,Zoe Κάπα,0.35,Low,yes,1297,191
ss26-sirens,664695505229,SS26 SIRENS,zelda-dress,10564934369613,Zelda Φόρεμα,0.35,Low,yes,1415,192
ss26-sirens,664695505229,SS26 SIRENS,livia-kimono,10564754964813,Livia Κιμονό,0.34,Low,yes,1062,193
ss26-sirens,664695505229,SS26 SIRENS,dalia,10731582325069,Dalia Τουρμπάνι,0.33,Low,yes,886,194
ss26-sirens,664695505229,SS26 SIRENS,parker-dress,10566126928205,Parker Φόρεμα,0.33,Low,yes,1493,195
ss26-sirens,664695505229,SS26 SIRENS,copy-copy-74,10633898852685,Velinor Φόρεμα,0.32,Low,yes,1357,196
ss26-sirens,664695505229,SS26 SIRENS,ismini,10730873160013,Ismini Κιμονό,0.31,Low,yes,735,197
ss26-sirens,664695505229,SS26 SIRENS,calypso-top-blue,10559164318029,Calypso Τοπ γαλάζιο,0.31,Low,yes,959,198
ss26-sirens,664695505229,SS26 SIRENS,ellie-dress,10566111002957,Ellie Φόρεμα,0.31,Low,yes,1377,199
ss26-sirens,664695505229,SS26 SIRENS,calypso-shirt-pink,10559193186637,Calypso Πουκάμισο ροζ,0.29,Low,yes,859,200
ss26-sirens,664695505229,SS26 SIRENS,zelda-kimono,10566049726797,Zelda Κιμονό,0.27,Low,yes,1059,201
ss26-sirens,664695505229,SS26 SIRENS,lilly-kimono,10566068437325,Lilly Κιμονό,0.27,Low,yes,1259,202
ss26-sirens,664695505229,SS26 SIRENS,arla-top,10566363447629,Arla Τοπ,0.27,Low,yes,1033,203
ss26-sirens,664695505229,SS26 SIRENS,lyla-kimono,10564749328717,Lyla Κιμονό,0.26,Low,yes,1032,204
ss26-sirens,664695505229,SS26 SIRENS,ophelia-top,10563189473613,Ophelia Τοπ,0.26,Low,yes,862,205
ss26-sirens,664695505229,SS26 SIRENS,argenta-dress,10564890132813,Argenta Φόρεμα,0.24,Low,yes,820,206
ss26-sirens,664695505229,SS26 SIRENS,melissa-top,10566027510093,Melissa Τοπ,0.24,Low,yes,859,207
ss26-sirens,664695505229,SS26 SIRENS,pearl-dress,10563071410509,Pearl Φόρεμα,0.24,Low,yes,479,208
ss26-sirens,664695505229,SS26 SIRENS,stella-skirt,10563313762637,Stella Skirt,0.24,Low,yes,1092,209
ss26-sirens,664695505229,SS26 SIRENS,orlaya-3,10641918886221,Orlaya Τοπ Ροζ,0.23,Low,yes,898,210
ss26-sirens,664695505229,SS26 SIRENS,myra-top-1,10563042214221,Myra Τοπ,0.23,Low,yes,584,211
ss26-sirens,664695505229,SS26 SIRENS,indira-kimono,10563362685261,Indira Κιμονό,0.23,Low,yes,969,212
ss26-sirens,664695505229,SS26 SIRENS,ember-top-yellow,10564586668365,Ember Τοπ κίτρινο,0.22,Low,yes,717,213
ss26-sirens,664695505229,SS26 SIRENS,fiora,10633892299085,Fiora Φόρεμα,0.22,Low,yes,855,214
ss26-sirens,664695505229,SS26 SIRENS,rhia-top,10563437035853,Rhia Τοπ,0.21,Low,yes,963,215
ss26-sirens,664695505229,SS26 SIRENS,gabby-top,10566028427597,Gabby Τοπ,0.20,Low,yes,628,216
ss26-sirens,664695505229,SS26 SIRENS,opal-top,10563436282189,Opal Τοπ,0.19,Low,yes,890,217
ss26-sirens,664695505229,SS26 SIRENS,debbie-shirt,10564590010701,Debbie Πουκάμισο,0.19,Low,yes,545,218
ss26-sirens,664695505229,SS26 SIRENS,elma-pants,10566039175501,Elma Παντελόνα,0.18,Low,yes,585,219
ss26-sirens,664695505229,SS26 SIRENS,sienna-top,10566393954637,Sienna Τοπ,0.17,Low,yes,783,220
ss26-sirens,664695505229,SS26 SIRENS,shona-top,10564592664909,Shona Τοπ,0.17,Low,yes,467,221
ss26-sirens,664695505229,SS26 SIRENS,sundra-top,10566352666957,Sundra Τοπ,0.16,Low,yes,554,222
ss26-sirens,664695505229,SS26 SIRENS,romi-top,10566360826189,Romi Τοπ,0.15,Low,yes,426,223
ss26-sirens,664695505229,SS26 SIRENS,noma,10633884762445,Noma Φόρεμα,0.15,Low,yes,407,224
ss26-sirens,664695505229,SS26 SIRENS,selma-dress,10566095241549,Selma Φόρεμα,0.13,Low,yes,601,225
ss26-sirens,664695505229,SS26 SIRENS,olira,10633941942605,Olira Φόρεμα,0.12,Low,yes,630,226
ss26-sirens,664695505229,SS26 SIRENS,nyx-skirt,10563049128269,Nyx Skirt,0.12,Low,yes,622,227
ss26-sirens,664695505229,SS26 SIRENS,s26-1008,10563044606285,Eirys Τοπ,0.12,Low,yes,380,228
ss26-sirens,664695505229,SS26 SIRENS,matilda-dress,10566105825613,Matilda Φόρεμα,0.09,Low,yes,459,229
ss26-sirens,664695505229,SS26 SIRENS,nyx-top,10563029533005,Nyx Τοπ,0.08,Low,yes,273,230
ss26-sirens,664695505229,SS26 SIRENS,ines-shirt,10564583817549,Ines Πουκάμισο,0.07,Low,yes,307,231
ss26-sirens,664695505229,SS26 SIRENS,lucy-shirt,10566370197837,Lucy Πουκάμισο,0.06,Low,yes,303,232
ss26-sirens,664695505229,SS26 SIRENS,ines-pants-1,10564803887437,Ines Παντελόνα,0.06,Low,yes,308,233
ss26-sirens,664695505229,SS26 SIRENS,monique-skirt,10566040191309,Monique Skirt,0.04,Low,yes,178,234
ss26-sirens-accessories,656728228173,SS26 SIRENS - ACCESSORIES,gold-underdress,8936685863245,Gold Underdress,2.96,Strong,no,2086,1
ss26-sirens-accessories,656728228173,SS26 SIRENS - ACCESSORIES,pink-underdress-long,10078634836301,Pink Underdress Long,1.63,Strong,no,1630,2
ss26-sirens-accessories,656728228173,SS26 SIRENS - ACCESSORIES,gold-underdress-long-1,10566350635341,Gold Underdress Long,1.50,Strong,no,1142,3
ss26-sirens-accessories,656728228173,SS26 SIRENS - ACCESSORIES,ariel-siren,10635955667277,Ariel Siren Τουρμπάνι Ροζ,1.15,Average,no,967,4
ss26-sirens-accessories,656728228173,SS26 SIRENS - ACCESSORIES,pink-underdress,8936687141197,Pink Underdress,1.04,Average,no,855,5
ss26-sirens-accessories,656728228173,SS26 SIRENS - ACCESSORIES,layered-shell-1,10663945011533,Layered Shell Κολιέ,1.43,Average,yes,1572,6
ss26-sirens-accessories,656728228173,SS26 SIRENS - ACCESSORIES,dalia,10731582325069,Dalia Τουρμπάνι,0.88,Average,yes,886,7
ss26-sirens-accessories,656728228173,SS26 SIRENS - ACCESSORIES,layered-silver-1,10663946092877,Layered Silver Κολιέ,0.70,Average,yes,611,8
ss26-sirens-accessories,656728228173,SS26 SIRENS - ACCESSORIES,turban,10635926929741,Ariel Siren Τουρμπάνι Μπλε,0.53,Average,yes,368,9
ss26-sirens-accessories,656728228173,SS26 SIRENS - ACCESSORIES,nyx,10636006129997,Nyx Τουρμπάνι,0.44,Low,yes,390,10
ss26-sirens-accessories,656728228173,SS26 SIRENS - ACCESSORIES,earth-tone,10663944454477,Earth Tone Κολιέ,0.32,Low,yes,200,11
ss26-sirens-accessories,656728228173,SS26 SIRENS - ACCESSORIES,ivory-stone-1,10663946715469,Ivory Stone Κολιέ,0.28,Low,yes,167,12
ss26-sirens-accessories,656728228173,SS26 SIRENS - ACCESSORIES,ivory-1,10663943110989,Ivory Κολιέ,0.19,Low,yes,121,13
ss26-sirens-dresses,656726982989,SS26 SIRENS - DRESSES,elodie-dress,10566138757453,Elodie Φόρεμα,6.72,Hero,no,38367,1
ss26-sirens-dresses,656726982989,SS26 SIRENS - DRESSES,crystalia,10652663251277,Crystalia Φόρεμα,2.89,Strong,no,19946,2
ss26-sirens-dresses,656726982989,SS26 SIRENS - DRESSES,victoria,10697115926861,Victoria Φόρεμα,2.33,Strong,no,17323,3
ss26-sirens-dresses,656726982989,SS26 SIRENS - DRESSES,sophia,10642032361805,Sophia Φόρεμα,1.67,Strong,no,12047,4
ss26-sirens-dresses,656726982989,SS26 SIRENS - DRESSES,nerida,10710349381965,Nerida Φόρεμα,1.66,Strong,no,8969,5
ss26-sirens-dresses,656726982989,SS26 SIRENS - DRESSES,greta-dress,10566155960653,Greta Φόρεμα,1.61,Strong,no,9251,6
ss26-sirens-dresses,656726982989,SS26 SIRENS - DRESSES,noelle,10786243215693,Noelle Φόρεμα,1.41,Average,no,5265,7
ss26-sirens-dresses,656726982989,SS26 SIRENS - DRESSES,tiffany-dress,10197665218893,Tiffany dress,1.33,Average,no,7948,8
ss26-sirens-dresses,656726982989,SS26 SIRENS - DRESSES,rosalie-2,10786210480461,Rosalie Φόρεμα,1.25,Average,no,4660,9
ss26-sirens-dresses,656726982989,SS26 SIRENS - DRESSES,elaria,10664754151757,Elaria Φόρεμα,1.12,Average,no,6684,10
ss26-sirens-dresses,656726982989,SS26 SIRENS - DRESSES,ioli,10728698184013,Ioli Φόρεμα,0.90,Average,no,6327,11
ss26-sirens-dresses,656726982989,SS26 SIRENS - DRESSES,ione-2,10710363537741,Ione Φόρεμα,0.70,Average,no,5338,12
ss26-sirens-dresses,656726982989,SS26 SIRENS - DRESSES,camelia,10663947960653,Camelia Φόρεμα,0.64,Average,no,3911,13
ss26-sirens-dresses,656726982989,SS26 SIRENS - DRESSES,aura,10633856221517,Aura Φόρεμα,0.63,Average,no,4354,14
ss26-sirens-dresses,656726982989,SS26 SIRENS - DRESSES,marceline,10786231877965,Marceline Φόρεμα,0.63,Average,no,2561,15
ss26-sirens-dresses,656726982989,SS26 SIRENS - DRESSES,nefeli,10728541159757,Nefeli Φόρεμα,0.60,Average,no,3741,16
ss26-sirens-dresses,656726982989,SS26 SIRENS - DRESSES,aurelle,10637297090893,Aurelle Φόρεμα,0.58,Average,no,2700,17
ss26-sirens-dresses,656726982989,SS26 SIRENS - DRESSES,meria-dress,10563092447565,Meria Φόρεμα,0.44,Low,no,3030,18
ss26-sirens-dresses,656726982989,SS26 SIRENS - DRESSES,margie-dress,10566101827917,Margie Φόρεμα,0.43,Low,no,2780,19
ss26-sirens-dresses,656726982989,SS26 SIRENS - DRESSES,liberty-dress,10566102974797,Liberty Φόρεμα,0.40,Low,no,2042,20
ss26-sirens-dresses,656726982989,SS26 SIRENS - DRESSES,livia-dress,10563406201165,Livia Φόρεμα,0.38,Low,no,2632,21
ss26-sirens-dresses,656726982989,SS26 SIRENS - DRESSES,zale-dress,10563130229069,Zale Φόρεμα,0.37,Low,no,2833,22
ss26-sirens-dresses,656726982989,SS26 SIRENS - DRESSES,myrtle-dress-1,10563103392077,Myrtle Φόρεμα,0.34,Low,no,2200,23
ss26-sirens-dresses,656726982989,SS26 SIRENS - DRESSES,rinna,10657650803021,Rinna Φόρεμα,0.32,Low,no,1970,24
ss26-sirens-dresses,656726982989,SS26 SIRENS - DRESSES,moss-dress-1,10563105227085,Moss Φόρεμα,0.28,Low,no,1769,25
ss26-sirens-dresses,656726982989,SS26 SIRENS - DRESSES,hilda-dress-dusty-pink,10566100255053,Hilda Dusty Φόρεμα ροζ,0.27,Low,no,1785,26
ss26-sirens-dresses,656726982989,SS26 SIRENS - DRESSES,hilary-dress,10566159991117,Hilary Φόρεμα,2.38,Strong,yes,14803,27
ss26-sirens-dresses,656726982989,SS26 SIRENS - DRESSES,evelisse-limited,10652612165965,Evelisse LIMITED Φόρεμα,2.10,Strong,yes,11724,28
ss26-sirens-dresses,656726982989,SS26 SIRENS - DRESSES,ariel-siren-dress-blue,10559049138509,Ariel Siren Φόρεμα γαλάζιο,1.90,Strong,yes,12733,29
ss26-sirens-dresses,656726982989,SS26 SIRENS - DRESSES,marisa,10671661482317,Marisa Φόρεμα,1.77,Strong,yes,10471,30
ss26-sirens-dresses,656726982989,SS26 SIRENS - DRESSES,helia-dress,10563090907469,Helia Φόρεμα,1.44,Average,yes,9780,31
ss26-sirens-dresses,656726982989,SS26 SIRENS - DRESSES,soraya,10643352158541,Soraya Φόρεμα,1.38,Average,yes,7652,32
ss26-sirens-dresses,656726982989,SS26 SIRENS - DRESSES,lumira,10633956557133,Lumira Φόρεμα,1.27,Average,yes,9159,33
ss26-sirens-dresses,656726982989,SS26 SIRENS - DRESSES,elise,10664056750413,Elise Φόρεμα,1.13,Average,yes,7589,34
ss26-sirens-dresses,656726982989,SS26 SIRENS - DRESSES,asteria-dress,10563094708557,Asteria Φόρεμα,1.10,Average,yes,6985,35
ss26-sirens-dresses,656726982989,SS26 SIRENS - DRESSES,electra-dress,10584479564109,Electra Φόρεμα,0.97,Average,yes,6501,36
ss26-sirens-dresses,656726982989,SS26 SIRENS - DRESSES,calyra-dress,10563075998029,Calyra Φόρεμα,0.90,Average,yes,5681,37
ss26-sirens-dresses,656726982989,SS26 SIRENS - DRESSES,copy-2,10588786295117,Linus Φόρεμα,0.76,Average,yes,6068,38
ss26-sirens-dresses,656726982989,SS26 SIRENS - DRESSES,melin-dress,10566165102925,Melin Φόρεμα,0.69,Average,yes,4266,39
ss26-sirens-dresses,656726982989,SS26 SIRENS - DRESSES,fiorella-white,10810757415245,Fiorella White Dress,0.64,Average,yes,1258,40
ss26-sirens-dresses,656726982989,SS26 SIRENS - DRESSES,elyra-dress,10563404235085,Elyra Φόρεμα,0.60,Average,yes,3912,41
ss26-sirens-dresses,656726982989,SS26 SIRENS - DRESSES,aegea-dress,10563131900237,Aegea Φόρεμα,0.58,Average,yes,4231,42
ss26-sirens-dresses,656726982989,SS26 SIRENS - DRESSES,s26-5048,10559098978637,Ariel Siren Φόρεμα ροζ,0.55,Average,yes,3979,43
ss26-sirens-dresses,656726982989,SS26 SIRENS - DRESSES,kathy-dress,10566165856589,Kathy Φόρεμα,0.48,Low,yes,3403,44
ss26-sirens-dresses,656726982989,SS26 SIRENS - DRESSES,dore-dress,10564872208717,Dore Φόρεμα,0.43,Low,yes,3082,45
ss26-sirens-dresses,656726982989,SS26 SIRENS - DRESSES,azalea-dress,10566201803085,Azalea Φόρεμα,0.39,Low,yes,2620,46
ss26-sirens-dresses,656726982989,SS26 SIRENS - DRESSES,astra-dress,10566182437197,Astra Φόρεμα,0.33,Low,yes,1454,47
ss26-sirens-dresses,656726982989,SS26 SIRENS - DRESSES,sonia-dress,10564952752461,Sonia Φόρεμα,0.31,Low,yes,2508,48
ss26-sirens-dresses,656726982989,SS26 SIRENS - DRESSES,krista-dress,10566185877837,Krista Φόρεμα,0.30,Low,yes,1672,49
ss26-sirens-dresses,656726982989,SS26 SIRENS - DRESSES,sylla-dress,10566150095181,Sylla Φόρεμα,0.30,Low,yes,2003,50
ss26-sirens-dresses,656726982989,SS26 SIRENS - DRESSES,myrielle,10657829552461,Myrielle Φόρεμα,0.22,Low,yes,1761,51
ss26-sirens-dresses,656726982989,SS26 SIRENS - DRESSES,parker-dress,10566126928205,Parker Φόρεμα,0.19,Low,yes,1493,52
ss26-sirens-dresses,656726982989,SS26 SIRENS - DRESSES,fiora,10633892299085,Fiora Φόρεμα,0.13,Low,yes,855,53
ss26-sirens-jumpsuits,656729538893,SS26 SIRENS - JUMPSUITS,livia-copy,10786186232141,Rose Ολόσωμη φόρμα,1.52,Strong,no,3229,1
ss26-sirens-jumpsuits,656729538893,SS26 SIRENS - JUMPSUITS,eve-copy,10670927511885,Selene Ολόσωμη φόρμα,1.41,Average,no,5395,2
ss26-sirens-jumpsuits,656729538893,SS26 SIRENS - JUMPSUITS,gaia-jumpsuit,10563135537485,Gaia Ολόσωμη φόρμα,0.75,Average,no,2809,3
ss26-sirens-jumpsuits,656729538893,SS26 SIRENS - JUMPSUITS,eve-jumpsuit,10566210683213,Eve Ολόσωμη φόρμα,0.71,Average,no,2843,4
ss26-sirens-jumpsuits,656729538893,SS26 SIRENS - JUMPSUITS,lilu-jumpsuit,10566207308109,Lilu Ολόσωμη φόρμα,1.20,Average,yes,4533,5
ss26-sirens-jumpsuits,656729538893,SS26 SIRENS - JUMPSUITS,argenta-jumpsuit,10563172696397,Argenta Ολόσωμη φόρμα,1.08,Average,yes,3840,6
ss26-sirens-jumpsuits,656729538893,SS26 SIRENS - JUMPSUITS,nola-jumpsuit,10566211600717,Nola Ολόσωμη φόρμα,1.04,Average,yes,4818,7
ss26-sirens-jumpsuits,656729538893,SS26 SIRENS - JUMPSUITS,oceane-jumpsuit,10563149726029,Oceane Ολόσωμη φόρμα,0.93,Average,yes,3272,8
ss26-sirens-jumpsuits,656729538893,SS26 SIRENS - JUMPSUITS,zaria-jumpsuit,10563145236813,Zaria Ολόσωμη φόρμα,0.79,Average,yes,2725,9
ss26-sirens-jumpsuits,656729538893,SS26 SIRENS - JUMPSUITS,livia-jumpsuit,10563137044813,Livia Ολόσωμη φόρμα,0.58,Average,yes,2017,10
ss26-sirens-kids,662963749197,SS26 SIRENS - KIDS,celestia-kids,10700575211853,Celestia Kids Φόρεμα,1.88,Strong,no,1586,1
ss26-sirens-kids,662963749197,SS26 SIRENS - KIDS,nerissa,10703248359757,Nerissa Kids Ροζ Κιμονό,1.26,Average,no,1092,2
ss26-sirens-kids,662963749197,SS26 SIRENS - KIDS,nerissa-kids,10703250948429,Nerissa Kids Μπλε Κιμονό,0.83,Average,no,601,3
ss26-sirens-kids,662963749197,SS26 SIRENS - KIDS,vivienne-kids,10703242985805,Vivienne Kids Φόρεμα,0.31,Low,no,277,4
ss26-sirens-kids,662963749197,SS26 SIRENS - KIDS,maeva-kids,10700591759693,Maeva Kids Φόρεμα,2.25,Strong,yes,1943,5
ss26-sirens-kids,662963749197,SS26 SIRENS - KIDS,arielia-kids,10700696977741,Arielia Kids Φόρεμα,2.24,Strong,yes,1894,6
ss26-sirens-kids,662963749197,SS26 SIRENS - KIDS,zoe-kids,10703252554061,Zoe Kids Κιμονό,1.86,Strong,yes,1411,7
ss26-sirens-kids,662963749197,SS26 SIRENS - KIDS,ariel-kids,10700554699085,Ariel Kids Φόρεμα,1.34,Average,yes,411,8
ss26-sirens-kids,662963749197,SS26 SIRENS - KIDS,aurelia-kids,10703235547469,Aurelia Kids Φόρεμα,0.93,Average,yes,641,9
ss26-sirens-kids,662963749197,SS26 SIRENS - KIDS,amelie-kids-set,10700490932557,Amelie Kids Set,0.88,Average,yes,499,10
ss26-sirens-kids,662963749197,SS26 SIRENS - KIDS,mirabelle-kids,10703240692045,Mirabelle Kids Φόρεμα,0.72,Average,yes,616,11
ss26-sirens-kids,662963749197,SS26 SIRENS - KIDS,alina-kids,10703246393677,Alina Kids Φόρεμα,0.62,Average,yes,387,12
ss26-sirens-kids,662963749197,SS26 SIRENS - KIDS,valentina-kids,10700582224205,Valentina Kids Φόρεμα,0.45,Low,yes,295,13
ss26-sirens-kids,662963749197,SS26 SIRENS - KIDS,coraline-kids,10703237939533,Coraline Kids Φόρεμα,0.45,Low,yes,375,14
ss26-sirens-kids,662963749197,SS26 SIRENS - KIDS,stardust-kids,10703232729421,Stardust Kids Φόρεμα,0.39,Low,yes,311,15
ss26-sirens-kids,662963749197,SS26 SIRENS - KIDS,pearlina-kids,10700565840205,Pearlina Kids Φόρεμα,0.32,Low,yes,271,16
ss26-sirens-kids,662963749197,SS26 SIRENS - KIDS,bella-kids,10700556566861,Bella Kids Φόρεμα,0.28,Low,yes,246,17
ss26-sirens-kimono-dresses,656727081293,SS26 SIRENS - KIMONO DRESSES,sylvia,10714453999949,Sylvia Κιμονό,3.96,Hero,no,12882,1
ss26-sirens-kimono-dresses,656727081293,SS26 SIRENS - KIMONO DRESSES,kirki-kimono,10730877223245,Kirki Κιμονό,1.53,Strong,no,5513,2
ss26-sirens-kimono-dresses,656727081293,SS26 SIRENS - KIMONO DRESSES,nerissa-kimono-pink,10559204852045,Nerissa Κιμονό ροζ,1.41,Average,no,4575,3
ss26-sirens-kimono-dresses,656727081293,SS26 SIRENS - KIMONO DRESSES,auralis-kimono,10563066659149,Auralis Κιμονό,1.27,Average,no,4655,4
ss26-sirens-kimono-dresses,656727081293,SS26 SIRENS - KIMONO DRESSES,stella-kimono,10564824432973,Stella Κιμονό,0.69,Average,no,2495,5
ss26-sirens-kimono-dresses,656727081293,SS26 SIRENS - KIMONO DRESSES,lydia,10714458063181,Lydia Κιμονό,1.83,Strong,yes,8163,6
ss26-sirens-kimono-dresses,656727081293,SS26 SIRENS - KIMONO DRESSES,astor-kimono,10566045172045,Astor Kimono,1.57,Strong,yes,6537,7
ss26-sirens-kimono-dresses,656727081293,SS26 SIRENS - KIMONO DRESSES,melina,10714445873485,Melina Κιμονό,1.40,Average,yes,5012,8
ss26-sirens-kimono-dresses,656727081293,SS26 SIRENS - KIMONO DRESSES,norah-kimono,10566086492493,Norah Κιμονό,1.30,Average,yes,5492,9
ss26-sirens-kimono-dresses,656727081293,SS26 SIRENS - KIMONO DRESSES,nerissa-kimono-blue,10559203049805,Nerissa Κιμονό μπλε,1.02,Average,yes,3085,10
ss26-sirens-kimono-dresses,656727081293,SS26 SIRENS - KIMONO DRESSES,aria-kimono,10564825186637,Aria Κιμονό,1.00,Average,yes,4029,11
ss26-sirens-kimono-dresses,656727081293,SS26 SIRENS - KIMONO DRESSES,argenta-kimono,10563359539533,Argenta Κιμονό,0.98,Average,yes,3102,12
ss26-sirens-kimono-dresses,656727081293,SS26 SIRENS - KIMONO DRESSES,aster-kimono,10559208358221,Aster Κιμονό,0.88,Average,yes,3754,13
ss26-sirens-kimono-dresses,656727081293,SS26 SIRENS - KIMONO DRESSES,irida-kimono,10730818896205,Irida Κιμονό,0.84,Average,yes,3815,14
ss26-sirens-kimono-dresses,656727081293,SS26 SIRENS - KIMONO DRESSES,monique-kimono,10566047891789,Monique Κιμονό,0.79,Average,yes,3169,15
ss26-sirens-kimono-dresses,656727081293,SS26 SIRENS - KIMONO DRESSES,shona-kimono,10564823515469,Shona Κιμονό,0.63,Average,yes,2703,16
ss26-sirens-kimono-dresses,656727081293,SS26 SIRENS - KIMONO DRESSES,zoe-kimono,10564757815629,Zoe Κιμονό,0.44,Low,yes,1751,17
ss26-sirens-kimono-dresses,656727081293,SS26 SIRENS - KIMONO DRESSES,livia-kimono,10564754964813,Livia Κιμονό,0.32,Low,yes,1062,18
ss26-sirens-kimono-dresses,656727081293,SS26 SIRENS - KIMONO DRESSES,ismini,10730873160013,Ismini Κιμονό,0.32,Low,yes,735,19
ss26-sirens-kimono-dresses,656727081293,SS26 SIRENS - KIMONO DRESSES,lilly-kimono,10566068437325,Lilly Κιμονό,0.27,Low,yes,1259,20
ss26-sirens-kimono-dresses,656727081293,SS26 SIRENS - KIMONO DRESSES,zelda-kimono,10566049726797,Zelda Κιμονό,0.26,Low,yes,1059,21
ss26-sirens-kimono-dresses,656727081293,SS26 SIRENS - KIMONO DRESSES,lyla-kimono,10564749328717,Lyla Κιμονό,0.25,Low,yes,1032,22
ss26-sirens-kimono-dresses,656727081293,SS26 SIRENS - KIMONO DRESSES,indira-kimono,10563362685261,Indira Κιμονό,0.22,Low,yes,969,23
ss26-sirens-pants,656727703885,SS26 SIRENS - PANTS,zoe-pants,10564703289677,Zoe Παντελόνα,2.82,Strong,no,5365,1
ss26-sirens-pants,656727703885,SS26 SIRENS - PANTS,elyra-pants,10563246784845,Elyra Παντελόνα,1.06,Average,no,2146,2
ss26-sirens-pants,656727703885,SS26 SIRENS - PANTS,shona-pants,10564789961037,Shona Παντελόνα,1.03,Average,no,2403,3
ss26-sirens-pants,656727703885,SS26 SIRENS - PANTS,debbie-pants,10564787011917,Debbie Παντελόνα,0.85,Average,no,1455,4
ss26-sirens-pants,656727703885,SS26 SIRENS - PANTS,rayne-pants,10564908613965,Rayne Παντελόνα,0.95,Average,yes,2358,5
ss26-sirens-pants,656727703885,SS26 SIRENS - PANTS,calypso-pants,10559196856653,Calypso Παντελόνα,0.83,Average,yes,1288,6
ss26-sirens-pants,656727703885,SS26 SIRENS - PANTS,elma-pants,10566039175501,Elma Παντελόνα,0.35,Low,yes,585,7
ss26-sirens-pants,656727703885,SS26 SIRENS - PANTS,ines-pants-1,10564803887437,Ines Παντελόνα,0.11,Low,yes,308,8
ss26-sirens-skirts,656727671117,SS26 SIRENS - SKIRTS,stella-top-1,10718845763917,Domna Φούστα,3.23,Hero,no,9974,1
ss26-sirens-skirts,656727671117,SS26 SIRENS - SKIRTS,doris,10730899734861,Doris Φούστα,2.65,Strong,no,6377,2
ss26-sirens-skirts,656727671117,SS26 SIRENS - SKIRTS,coco-skirt,10730655580493,Coco Φούστα,2.52,Strong,no,5868,3
ss26-sirens-skirts,656727671117,SS26 SIRENS - SKIRTS,melin-skirt,10804947190093,Melin Skirt,1.67,Strong,no,1780,4
ss26-sirens-skirts,656727671117,SS26 SIRENS - SKIRTS,calypso-skirt-blue,10559198298445,Calypso Skirt Blue,1.36,Average,no,3838,5
ss26-sirens-skirts,656727671117,SS26 SIRENS - SKIRTS,magnolia-skirt,10566041698637,Magnolia Φούστα,1.31,Average,no,4244,6
ss26-sirens-skirts,656727671117,SS26 SIRENS - SKIRTS,ione-1,10657683439949,Ione Φούστα,1.18,Average,no,4072,7
ss26-sirens-skirts,656727671117,SS26 SIRENS - SKIRTS,solea,10740788068685,Solea Φούστα,0.91,Average,no,1956,8
ss26-sirens-skirts,656727671117,SS26 SIRENS - SKIRTS,isabella,10710401483085,Isabella Φούστα,0.76,Average,no,2235,9
ss26-sirens-skirts,656727671117,SS26 SIRENS - SKIRTS,aria-skirt-1,10563312714061,Aria Skirt,0.65,Average,no,2041,10
ss26-sirens-skirts,656727671117,SS26 SIRENS - SKIRTS,ismini-1,10745646252365,Ismini Φούστα,0.61,Average,no,1349,11
ss26-sirens-skirts,656727671117,SS26 SIRENS - SKIRTS,lyla-skirt,10563307635021,Lyla Skirt,0.57,Average,no,1538,12
ss26-sirens-skirts,656727671117,SS26 SIRENS - SKIRTS,indira-skirt,10563304816973,Indira Skirt,0.53,Average,no,1345,13
ss26-sirens-skirts,656727671117,SS26 SIRENS - SKIRTS,livia-skirt,10563055878477,Livia Skirt,0.34,Low,no,1034,14
ss26-sirens-skirts,656727671117,SS26 SIRENS - SKIRTS,glinda-skirt,10566351814989,Glinda Skirt,0.28,Low,no,793,15
ss26-sirens-skirts,656727671117,SS26 SIRENS - SKIRTS,shona-skirt,10564766138701,Shona Skirt,0.17,Low,no,668,16
ss26-sirens-skirts,656727671117,SS26 SIRENS - SKIRTS,empress-skirt,10074122977613,Empress Skirt,1.91,Strong,yes,5499,17
ss26-sirens-skirts,656727671117,SS26 SIRENS - SKIRTS,orlaya-1,10641885364557,Orlaya Φούστα,1.79,Strong,yes,5181,18
ss26-sirens-skirts,656727671117,SS26 SIRENS - SKIRTS,calypso-skirt-pink,10559200788813,Calypso Skirt Pink,1.43,Average,yes,4291,19
ss26-sirens-skirts,656727671117,SS26 SIRENS - SKIRTS,kirki-skirt,10730866344269,Kirki Φούστα,1.19,Average,yes,3698,20
ss26-sirens-skirts,656727671117,SS26 SIRENS - SKIRTS,capri,10731571183949,Capri Φούστα,1.14,Average,yes,3479,21
ss26-sirens-skirts,656727671117,SS26 SIRENS - SKIRTS,eirys-skirt,10563065413965,Eirys Skirt,0.70,Average,yes,2016,22
ss26-sirens-skirts,656727671117,SS26 SIRENS - SKIRTS,nora-1,10758774489421,Nora Φούστα,0.68,Average,yes,1648,23
ss26-sirens-skirts,656727671117,SS26 SIRENS - SKIRTS,orlaya-2,10641906958669,Orlaya Φούστα Ροζ,0.61,Average,yes,2264,24
ss26-sirens-skirts,656727671117,SS26 SIRENS - SKIRTS,zaria-skirt,10563065872717,Zaria Skirt,0.49,Low,yes,1598,25
ss26-sirens-skirts,656727671117,SS26 SIRENS - SKIRTS,myra-skirt,10563057189197,Myra Skirt,0.48,Low,yes,1257,26
ss26-sirens-skirts,656727671117,SS26 SIRENS - SKIRTS,ophelia-skirt,10563290530125,Ophelia Skirt,0.47,Low,yes,926,27
ss26-sirens-skirts,656727671117,SS26 SIRENS - SKIRTS,stella-skirt,10563313762637,Stella Skirt,0.29,Low,yes,1092,28
ss26-sirens-skirts,656727671117,SS26 SIRENS - SKIRTS,nyx-skirt,10563049128269,Nyx Skirt,0.16,Low,yes,622,29
ss26-sirens-skirts,656727671117,SS26 SIRENS - SKIRTS,monique-skirt,10566040191309,Monique Skirt,0.05,Low,yes,178,30
ss26-sirens-tops,656727146829,SS26 SIRENS - TOPS,melin-top,10804955087181,Melin Top,2.31,Strong,no,1649,1
ss26-sirens-tops,656727146829,SS26 SIRENS - TOPS,runa-top,10566035374413,Runa Τοπ,2.15,Strong,no,5147,2
ss26-sirens-tops,656727146829,SS26 SIRENS - TOPS,magnolia-top,10731569217869,Magnolia Τοπ,1.82,Strong,no,4031,3
ss26-sirens-tops,656727146829,SS26 SIRENS - TOPS,doris-1,10730911793485,Doris Τοπ,1.59,Strong,no,3100,4
ss26-sirens-tops,656727146829,SS26 SIRENS - TOPS,calypso-top-pink,10559183356237,Calypso Τοπ ροζ,1.57,Strong,no,2979,5
ss26-sirens-tops,656727146829,SS26 SIRENS - TOPS,kirki,10730842784077,Kirki Τοπ,1.56,Strong,no,2669,6
ss26-sirens-tops,656727146829,SS26 SIRENS - TOPS,nora,10758769738061,Nora Τοπ,1.48,Average,no,2002,7
ss26-sirens-tops,656727146829,SS26 SIRENS - TOPS,sienna-copy,10697387508045,Patricia Τοπ,0.94,Average,no,2028,8
ss26-sirens-tops,656727146829,SS26 SIRENS - TOPS,solea-1,10740803436877,Solea Τοπ,0.90,Average,no,1372,9
ss26-sirens-tops,656727146829,SS26 SIRENS - TOPS,elyra-top,10563231154509,Elyra Τοπ,0.85,Average,no,1849,10
ss26-sirens-tops,656727146829,SS26 SIRENS - TOPS,lyla-top,10563222045005,Lyla Τοπ,0.75,Average,no,1281,11
ss26-sirens-tops,656727146829,SS26 SIRENS - TOPS,isabellatop,10710406005069,Isabella Τοπ,0.71,Average,no,1220,12
ss26-sirens-tops,656727146829,SS26 SIRENS - TOPS,ione,10657672266061,Ione Τοπ,0.61,Average,no,940,13
ss26-sirens-tops,656727146829,SS26 SIRENS - TOPS,aria-top-1,10563232760141,Aria Τοπ,0.58,Average,no,1141,14
ss26-sirens-tops,656727146829,SS26 SIRENS - TOPS,elyra-body,10563024912717,Elyra Κορμάκι,0.56,Average,no,1066,15
ss26-sirens-tops,656727146829,SS26 SIRENS - TOPS,irida-top,10730927784269,Irida Τοπ,0.53,Average,no,609,16
ss26-sirens-tops,656727146829,SS26 SIRENS - TOPS,zaria-top,10563046768973,Zaria Τοπ,0.49,Low,no,845,17
ss26-sirens-tops,656727146829,SS26 SIRENS - TOPS,shona-shirt,10564578804045,Shona Πουκάμισο,0.45,Low,no,1224,18
ss26-sirens-tops,656727146829,SS26 SIRENS - TOPS,stella-top,10563234267469,Stella Τοπ,0.31,Low,no,652,19
ss26-sirens-tops,656727146829,SS26 SIRENS - TOPS,livia-top,10563040510285,Livia Τοπ,0.28,Low,no,594,20
ss26-sirens-tops,656727146829,SS26 SIRENS - TOPS,mae-top,10564537778509,Mae Τοπ,0.28,Low,no,433,21
ss26-sirens-tops,656727146829,SS26 SIRENS - TOPS,stella,10718851137869,Domna Τοπ,7.94,Hero,yes,21290,22
ss26-sirens-tops,656727146829,SS26 SIRENS - TOPS,coco,10730619339085,Coco Τοπ,3.73,Hero,yes,6010,23
ss26-sirens-tops,656727146829,SS26 SIRENS - TOPS,empress-top,10073195905357,Empress Top,3.67,Hero,yes,6484,24
ss26-sirens-tops,656727146829,SS26 SIRENS - TOPS,capri-1,10731572789581,Capri Τοπ,2.42,Strong,yes,5528,25
ss26-sirens-tops,656727146829,SS26 SIRENS - TOPS,argenta-cape,10563227615565,Argenta Κάπα,1.96,Strong,yes,4111,26
ss26-sirens-tops,656727146829,SS26 SIRENS - TOPS,neta-top,10566385434957,Neta Τοπ,1.62,Strong,yes,3741,27
ss26-sirens-tops,656727146829,SS26 SIRENS - TOPS,elyra-cape,10563208315213,Elyra Κάπα,1.55,Strong,yes,3260,28
ss26-sirens-tops,656727146829,SS26 SIRENS - TOPS,calypso-shirt-blue,10559144755533,Calypso Πουκάμισο γαλάζιο,1.07,Average,yes,1768,29
ss26-sirens-tops,656727146829,SS26 SIRENS - TOPS,orlaya,10641862000973,Orlaya Τοπ,0.94,Average,yes,1827,30
ss26-sirens-tops,656727146829,SS26 SIRENS - TOPS,indira-top,10563199992141,Indira Τοπ,0.91,Average,yes,1918,31
ss26-sirens-tops,656727146829,SS26 SIRENS - TOPS,indy-top,10563435102541,Indy Τοπ,0.71,Average,yes,1665,32
ss26-sirens-tops,656727146829,SS26 SIRENS - TOPS,zoe-cape,10563437789517,Zoe Κάπα,0.66,Average,yes,1297,33
ss26-sirens-tops,656727146829,SS26 SIRENS - TOPS,calypso-top-blue,10559164318029,Calypso Τοπ γαλάζιο,0.58,Average,yes,959,34
ss26-sirens-tops,656727146829,SS26 SIRENS - TOPS,calypso-shirt-pink,10559193186637,Calypso Πουκάμισο ροζ,0.51,Average,yes,859,35
ss26-sirens-tops,656727146829,SS26 SIRENS - TOPS,arla-top,10566363447629,Arla Τοπ,0.49,Low,yes,1033,36
ss26-sirens-tops,656727146829,SS26 SIRENS - TOPS,thetis,10730953146701,Thetis Τοπ,0.46,Low,yes,297,37
ss26-sirens-tops,656727146829,SS26 SIRENS - TOPS,melissa-top,10566027510093,Melissa Τοπ,0.46,Low,yes,859,38
ss26-sirens-tops,656727146829,SS26 SIRENS - TOPS,ophelia-top,10563189473613,Ophelia Τοπ,0.43,Low,yes,862,39
ss26-sirens-tops,656727146829,SS26 SIRENS - TOPS,myra-top-1,10563042214221,Myra Τοπ,0.43,Low,yes,584,40
ss26-sirens-tops,656727146829,SS26 SIRENS - TOPS,mare-top,10731588223309,Mare Τοπ,0.43,Low,yes,385,41
ss26-sirens-tops,656727146829,SS26 SIRENS - TOPS,ember-top-yellow,10564586668365,Ember Τοπ κίτρινο,0.41,Low,yes,717,42
ss26-sirens-tops,656727146829,SS26 SIRENS - TOPS,debbie-shirt,10564590010701,Debbie Πουκάμισο,0.39,Low,yes,545,43
ss26-sirens-tops,656727146829,SS26 SIRENS - TOPS,orlaya-3,10641918886221,Orlaya Τοπ Ροζ,0.37,Low,yes,898,44
ss26-sirens-tops,656727146829,SS26 SIRENS - TOPS,rhia-top,10563437035853,Rhia Τοπ,0.36,Low,yes,963,45
ss26-sirens-tops,656727146829,SS26 SIRENS - TOPS,gabby-top,10566028427597,Gabby Τοπ,0.35,Low,yes,628,46
ss26-sirens-tops,656727146829,SS26 SIRENS - TOPS,opal-top,10563436282189,Opal Τοπ,0.33,Low,yes,890,47
ss26-sirens-tops,656727146829,SS26 SIRENS - TOPS,shona-top,10564592664909,Shona Τοπ,0.32,Low,yes,467,48
ss26-sirens-tops,656727146829,SS26 SIRENS - TOPS,sienna-top,10566393954637,Sienna Τοπ,0.30,Low,yes,783,49
ss26-sirens-tops,656727146829,SS26 SIRENS - TOPS,sundra-top,10566352666957,Sundra Τοπ,0.30,Low,yes,554,50
ss26-sirens-tops,656727146829,SS26 SIRENS - TOPS,romi-top,10566360826189,Romi Τοπ,0.29,Low,yes,426,51
ss26-sirens-tops,656727146829,SS26 SIRENS - TOPS,s26-1008,10563044606285,Eirys Τοπ,0.23,Low,yes,380,52
ss26-sirens-tops,656727146829,SS26 SIRENS - TOPS,nyx-top,10563029533005,Nyx Τοπ,0.15,Low,yes,273,53
ss26-sirens-tops,656727146829,SS26 SIRENS - TOPS,ines-shirt,10564583817549,Ines Πουκάμισο,0.12,Low,yes,307,54
ss26-sirens-tops,656727146829,SS26 SIRENS - TOPS,lucy-shirt,10566370197837,Lucy Πουκάμισο,0.11,Low,yes,303,55
underdress,668524478797,Underdress,gold-underdress,8936685863245,Gold Underdress,1.62,Strong,no,2086,1
underdress,668524478797,Underdress,pink-underdress-long,10078634836301,Pink Underdress Long,0.94,Average,no,1630,2
underdress,668524478797,Underdress,gold-underdress-long-1,10566350635341,Gold Underdress Long,0.85,Average,no,1142,3
underdress,668524478797,Underdress,pink-underdress,8936687141197,Pink Underdress,0.58,Average,no,855,4
monochrome,660041302349,ΡΟΥΧΑ  ΠΕΡΙΣΤΑΣΗΣ,elaria,10664754151757,Elaria Φόρεμα,2.30,Strong,no,6684,1
monochrome,660041302349,ΡΟΥΧΑ  ΠΕΡΙΣΤΑΣΗΣ,camelia,10663947960653,Camelia Φόρεμα,1.36,Average,no,3911,2
monochrome,660041302349,ΡΟΥΧΑ  ΠΕΡΙΣΤΑΣΗΣ,aura,10633856221517,Aura Φόρεμα,1.29,Average,no,4354,3
monochrome,660041302349,ΡΟΥΧΑ  ΠΕΡΙΣΤΑΣΗΣ,aurelle,10637297090893,Aurelle Φόρεμα,1.18,Average,no,2700,4
monochrome,660041302349,ΡΟΥΧΑ  ΠΕΡΙΣΤΑΣΗΣ,natel,10847193203021,Natel Φόρεμα,0.95,New,no,62,5
monochrome,660041302349,ΡΟΥΧΑ  ΠΕΡΙΣΤΑΣΗΣ,meline,10634114826573,Meline Φόρεμα,0.94,Average,no,1597,6
monochrome,660041302349,ΡΟΥΧΑ  ΠΕΡΙΣΤΑΣΗΣ,copy-copy-72,10633888858445,Nymia Φόρεμα,0.91,Average,no,2418,7
monochrome,660041302349,ΡΟΥΧΑ  ΠΕΡΙΣΤΑΣΗΣ,thirea,10633937944909,Thirea Φόρεμα,0.89,Average,no,2947,8
monochrome,660041302349,ΡΟΥΧΑ  ΠΕΡΙΣΤΑΣΗΣ,viora,10636342690125,Viora Φόρεμα,0.73,Average,no,2091,9
monochrome,660041302349,ΡΟΥΧΑ  ΠΕΡΙΣΤΑΣΗΣ,meline-copy,10644362002765,Lavelle  Φόρεμα,0.29,Low,no,890,10
monochrome,660041302349,ΡΟΥΧΑ  ΠΕΡΙΣΤΑΣΗΣ,copy-copy-69,10633886466381,Linea Φόρεμα,0.14,Low,no,524,11
monochrome,660041302349,ΡΟΥΧΑ  ΠΕΡΙΣΤΑΣΗΣ,copy-copy-71,10633887056205,Aluna Φόρεμα,0.11,Low,no,200,12
monochrome,660041302349,ΡΟΥΧΑ  ΠΕΡΙΣΤΑΣΗΣ,thalea,10633917563213,Thalea Φόρεμα,0.10,Low,no,185,13
monochrome,660041302349,ΡΟΥΧΑ  ΠΕΡΙΣΤΑΣΗΣ,ismera,10633929261389,Ismera Φόρεμα,0.10,Low,no,409,14
monochrome,660041302349,ΡΟΥΧΑ  ΠΕΡΙΣΤΑΣΗΣ,copy-copy-77,10633966977357,Isenor Φόρεμα,0.05,Low,no,83,15
monochrome,660041302349,ΡΟΥΧΑ  ΠΕΡΙΣΤΑΣΗΣ,velora,10634112041293,Velora Φόρεμα,3.42,Hero,yes,8155,16
monochrome,660041302349,ΡΟΥΧΑ  ΠΕΡΙΣΤΑΣΗΣ,copy-copy-75,10633925165389,Delya Φόρεμα,3.24,Hero,yes,10252,17
monochrome,660041302349,ΡΟΥΧΑ  ΠΕΡΙΣΤΑΣΗΣ,lumira,10633956557133,Lumira Φόρεμα,2.67,Strong,yes,9159,18
monochrome,660041302349,ΡΟΥΧΑ  ΠΕΡΙΣΤΑΣΗΣ,solenne,10644069187917,Solenne Φόρεμα,2.15,Strong,yes,7771,19
monochrome,660041302349,ΡΟΥΧΑ  ΠΕΡΙΣΤΑΣΗΣ,copy-copy-78,10633971007821,Thalior Φόρεμα,1.56,Strong,yes,5291,20
monochrome,660041302349,ΡΟΥΧΑ  ΠΕΡΙΣΤΑΣΗΣ,scarlet,10664671936845,Scarlet Φόρεμα,1.48,Average,yes,5406,21
monochrome,660041302349,ΡΟΥΧΑ  ΠΕΡΙΣΤΑΣΗΣ,serina,10633912582477,Serina Φόρεμα,1.23,Average,yes,4608,22
monochrome,660041302349,ΡΟΥΧΑ  ΠΕΡΙΣΤΑΣΗΣ,copy-copy-73,10633890300237,Velina Φόρεμα,1.19,Average,yes,3514,23
monochrome,660041302349,ΡΟΥΧΑ  ΠΕΡΙΣΤΑΣΗΣ,orlena,10633960587597,Orlena Φόρεμα,1.04,Average,yes,3663,24
monochrome,660041302349,ΡΟΥΧΑ  ΠΕΡΙΣΤΑΣΗΣ,norel,10634213425485,Norel Φόρεμα,0.58,Average,yes,2058,25
monochrome,660041302349,ΡΟΥΧΑ  ΠΕΡΙΣΤΑΣΗΣ,rosea,10633906127181,Rosea Φόρεμα,0.51,Average,yes,1762,26
monochrome,660041302349,ΡΟΥΧΑ  ΠΕΡΙΣΤΑΣΗΣ,elaria-copy,10710381297997,Etoile Φόρεμα,0.49,Low,yes,1873,27
monochrome,660041302349,ΡΟΥΧΑ  ΠΕΡΙΣΤΑΣΗΣ,copy-copy-74,10633898852685,Velinor Φόρεμα,0.39,Low,yes,1357,28
monochrome,660041302349,ΡΟΥΧΑ  ΠΕΡΙΣΤΑΣΗΣ,fiora,10633892299085,Fiora Φόρεμα,0.26,Low,yes,855,29
monochrome,660041302349,ΡΟΥΧΑ  ΠΕΡΙΣΤΑΣΗΣ,noma,10633884762445,Noma Φόρεμα,0.17,Low,yes,407,30
monochrome,660041302349,ΡΟΥΧΑ  ΠΕΡΙΣΤΑΣΗΣ,olira,10633941942605,Olira Φόρεμα,0.16,Low,yes,630,31
wedding-baptism,659102695757,Ρούχα και Φορέματα για Γάμο & Βάπτιση,elodie-dress,10566138757453,Elodie Φόρεμα,10.80,Hero,no,38367,1
wedding-baptism,659102695757,Ρούχα και Φορέματα για Γάμο & Βάπτιση,marbella-dress,10814110531917,Marbella Dress,4.95,Hero,no,6719,2
wedding-baptism,659102695757,Ρούχα και Φορέματα για Γάμο & Βάπτιση,crystalia,10652663251277,Crystalia Φόρεμα,4.69,Hero,no,19946,3
wedding-baptism,659102695757,Ρούχα και Φορέματα για Γάμο & Βάπτιση,victoria,10697115926861,Victoria Φόρεμα,3.77,Hero,no,17323,4
wedding-baptism,659102695757,Ρούχα και Φορέματα για Γάμο & Βάπτιση,sylvia,10714453999949,Sylvia Κιμονό,3.75,Hero,no,12882,5
wedding-baptism,659102695757,Ρούχα και Φορέματα για Γάμο & Βάπτιση,sophia,10642032361805,Sophia Φόρεμα,2.69,Strong,no,12047,6
wedding-baptism,659102695757,Ρούχα και Φορέματα για Γάμο & Βάπτιση,nerida,10710349381965,Nerida Φόρεμα,2.67,Strong,no,8969,7
wedding-baptism,659102695757,Ρούχα και Φορέματα για Γάμο & Βάπτιση,greta-dress,10566155960653,Greta Φόρεμα,2.60,Strong,no,9251,8
wedding-baptism,659102695757,Ρούχα και Φορέματα για Γάμο & Βάπτιση,noelle,10786243215693,Noelle Φόρεμα,2.26,Strong,no,5265,9
wedding-baptism,659102695757,Ρούχα και Φορέματα για Γάμο & Βάπτιση,rosalie-2,10786210480461,Rosalie Φόρεμα,2.01,Strong,no,4660,10
wedding-baptism,659102695757,Ρούχα και Φορέματα για Γάμο & Βάπτιση,maeva-dress,10566112903501,Maeva Φόρεμα,1.63,Strong,no,3089,11
wedding-baptism,659102695757,Ρούχα και Φορέματα για Γάμο & Βάπτιση,zoe-pants,10564703289677,Zoe Παντελόνα,1.46,Average,no,5365,12
wedding-baptism,659102695757,Ρούχα και Φορέματα για Γάμο & Βάπτιση,livia-copy,10786186232141,Rose Ολόσωμη φόρμα,1.39,Average,no,3229,13
wedding-baptism,659102695757,Ρούχα και Φορέματα για Γάμο & Βάπτιση,nerissa-kimono-pink,10559204852045,Nerissa Κιμονό ροζ,1.35,Average,no,4575,14
wedding-baptism,659102695757,Ρούχα και Φορέματα για Γάμο & Βάπτιση,eve-copy,10670927511885,Selene Ολόσωμη φόρμα,1.26,Average,no,5395,15
wedding-baptism,659102695757,Ρούχα και Φορέματα για Γάμο & Βάπτιση,auralis-kimono,10563066659149,Auralis Κιμονό,1.22,Average,no,4655,16
wedding-baptism,659102695757,Ρούχα και Φορέματα για Γάμο & Βάπτιση,runa-top,10566035374413,Runa Τοπ,1.21,Average,no,5147,17
wedding-baptism,659102695757,Ρούχα και Φορέματα για Γάμο & Βάπτιση,ione-2,10710363537741,Ione Φόρεμα,1.13,Average,no,5338,18
wedding-baptism,659102695757,Ρούχα και Φορέματα για Γάμο & Βάπτιση,calypso-skirt-blue,10559198298445,Calypso Skirt Blue,1.11,Average,no,3838,19
wedding-baptism,659102695757,Ρούχα και Φορέματα για Γάμο & Βάπτιση,calypso-top-pink,10559183356237,Calypso Τοπ ροζ,1.03,Average,no,2979,20
wedding-baptism,659102695757,Ρούχα και Φορέματα για Γάμο & Βάπτιση,marceline,10786231877965,Marceline Φόρεμα,0.99,Average,no,2561,21
wedding-baptism,659102695757,Ρούχα και Φορέματα για Γάμο & Βάπτιση,meria-dress,10563092447565,Meria Φόρεμα,0.72,Average,no,3030,22
wedding-baptism,659102695757,Ρούχα και Φορέματα για Γάμο & Βάπτιση,margie-dress,10566101827917,Margie Φόρεμα,0.69,Average,no,2780,23
wedding-baptism,659102695757,Ρούχα και Φορέματα για Γάμο & Βάπτιση,stella-kimono,10564824432973,Stella Κιμονό,0.67,Average,no,2495,24
wedding-baptism,659102695757,Ρούχα και Φορέματα για Γάμο & Βάπτιση,eve-jumpsuit,10566210683213,Eve Ολόσωμη φόρμα,0.66,Average,no,2843,25
wedding-baptism,659102695757,Ρούχα και Φορέματα για Γάμο & Βάπτιση,gaia-jumpsuit,10563135537485,Gaia Ολόσωμη φόρμα,0.65,Average,no,2809,26
wedding-baptism,659102695757,Ρούχα και Φορέματα για Γάμο & Βάπτιση,liberty-dress,10566102974797,Liberty Φόρεμα,0.64,Average,no,2042,27
wedding-baptism,659102695757,Ρούχα και Φορέματα για Γάμο & Βάπτιση,livia-dress,10563406201165,Livia Φόρεμα,0.62,Average,no,2632,28
wedding-baptism,659102695757,Ρούχα και Φορέματα για Γάμο & Βάπτιση,zale-dress,10563130229069,Zale Φόρεμα,0.60,Average,no,2833,29
wedding-baptism,659102695757,Ρούχα και Φορέματα για Γάμο & Βάπτιση,myrtle-dress-1,10563103392077,Myrtle Φόρεμα,0.55,Average,no,2200,30
wedding-baptism,659102695757,Ρούχα και Φορέματα για Γάμο & Βάπτιση,sienna-copy,10697387508045,Patricia Τοπ,0.54,Average,no,2028,31
wedding-baptism,659102695757,Ρούχα και Φορέματα για Γάμο & Βάπτιση,aria-skirt-1,10563312714061,Aria Skirt,0.54,Average,no,2041,32
wedding-baptism,659102695757,Ρούχα και Φορέματα για Γάμο & Βάπτιση,elyra-pants,10563246784845,Elyra Παντελόνα,0.54,Average,no,2146,33
wedding-baptism,659102695757,Ρούχα και Φορέματα για Γάμο & Βάπτιση,ismini-1,10745646252365,Ismini Φούστα,0.54,Average,no,1349,34
wedding-baptism,659102695757,Ρούχα και Φορέματα για Γάμο & Βάπτιση,shona-pants,10564789961037,Shona Παντελόνα,0.53,Average,no,2403,35
wedding-baptism,659102695757,Ρούχα και Φορέματα για Γάμο & Βάπτιση,lyla-skirt,10563307635021,Lyla Skirt,0.49,Low,no,1538,36
wedding-baptism,659102695757,Ρούχα και Φορέματα για Γάμο & Βάπτιση,elyra-top,10563231154509,Elyra Τοπ,0.49,Low,no,1849,37
wedding-baptism,659102695757,Ρούχα και Φορέματα για Γάμο & Βάπτιση,moss-dress-1,10563105227085,Moss Φόρεμα,0.46,Low,no,1769,38
wedding-baptism,659102695757,Ρούχα και Φορέματα για Γάμο & Βάπτιση,hilda-dress-champagne,10564841374029,Hilda Φόρεμα σαμπανιζέ,0.45,Low,no,1744,39
wedding-baptism,659102695757,Ρούχα και Φορέματα για Γάμο & Βάπτιση,hilda-dress-dusty-pink,10566100255053,Hilda Dusty Φόρεμα ροζ,0.44,Low,no,1785,40
wedding-baptism,659102695757,Ρούχα και Φορέματα για Γάμο & Βάπτιση,debbie-pants,10564787011917,Debbie Παντελόνα,0.42,Low,no,1455,41
wedding-baptism,659102695757,Ρούχα και Φορέματα για Γάμο & Βάπτιση,lyla-top,10563222045005,Lyla Τοπ,0.42,Low,no,1281,42
wedding-baptism,659102695757,Ρούχα και Φορέματα για Γάμο & Βάπτιση,indira-skirt,10563304816973,Indira Skirt,0.40,Low,no,1345,43
wedding-baptism,659102695757,Ρούχα και Φορέματα για Γάμο & Βάπτιση,aria-top-1,10563232760141,Aria Τοπ,0.34,Low,no,1141,44
wedding-baptism,659102695757,Ρούχα και Φορέματα για Γάμο & Βάπτιση,elyra-body,10563024912717,Elyra Κορμάκι,0.32,Low,no,1066,45
wedding-baptism,659102695757,Ρούχα και Φορέματα για Γάμο & Βάπτιση,zaria-top,10563046768973,Zaria Τοπ,0.29,Low,no,845,46
wedding-baptism,659102695757,Ρούχα και Φορέματα για Γάμο & Βάπτιση,livia-skirt,10563055878477,Livia Skirt,0.27,Low,no,1034,47
wedding-baptism,659102695757,Ρούχα και Φορέματα για Γάμο & Βάπτιση,shona-shirt,10564578804045,Shona Πουκάμισο,0.27,Low,no,1224,48
wedding-baptism,659102695757,Ρούχα και Φορέματα για Γάμο & Βάπτιση,livia-top,10563040510285,Livia Τοπ,0.18,Low,no,594,49
wedding-baptism,659102695757,Ρούχα και Φορέματα για Γάμο & Βάπτιση,shona-skirt,10564766138701,Shona Skirt,0.13,Low,no,668,50
wedding-baptism,659102695757,Ρούχα και Φορέματα για Γάμο & Βάπτιση,hilary-dress,10566159991117,Hilary Φόρεμα,3.85,Hero,yes,14803,51
wedding-baptism,659102695757,Ρούχα και Φορέματα για Γάμο & Βάπτιση,evelisse-limited,10652612165965,Evelisse LIMITED Φόρεμα,3.38,Hero,yes,11724,52
wedding-baptism,659102695757,Ρούχα και Φορέματα για Γάμο & Βάπτιση,ariel-siren-dress-blue,10559049138509,Ariel Siren Φόρεμα γαλάζιο,3.05,Hero,yes,12733,53
wedding-baptism,659102695757,Ρούχα και Φορέματα για Γάμο & Βάπτιση,marisa,10671661482317,Marisa Φόρεμα,2.86,Strong,yes,10471,54
wedding-baptism,659102695757,Ρούχα και Φορέματα για Γάμο & Βάπτιση,helia-dress,10563090907469,Helia Φόρεμα,2.30,Strong,yes,9780,55
wedding-baptism,659102695757,Ρούχα και Φορέματα για Γάμο & Βάπτιση,soraya,10643352158541,Soraya Φόρεμα,2.23,Strong,yes,7652,56
wedding-baptism,659102695757,Ρούχα και Φορέματα για Γάμο & Βάπτιση,elise,10664056750413,Elise Φόρεμα,1.82,Strong,yes,7589,57
wedding-baptism,659102695757,Ρούχα και Φορέματα για Γάμο & Βάπτιση,asteria-dress,10563094708557,Asteria Φόρεμα,1.79,Strong,yes,6985,58
wedding-baptism,659102695757,Ρούχα και Φορέματα για Γάμο & Βάπτιση,phoebe-dress,10564863885645,Phoebe Φόρεμα,1.78,Strong,yes,7952,59
wedding-baptism,659102695757,Ρούχα και Φορέματα για Γάμο & Βάπτιση,lydia,10714458063181,Lydia Κιμονό,1.75,Strong,yes,8163,60
wedding-baptism,659102695757,Ρούχα και Φορέματα για Γάμο & Βάπτιση,thalina-dress-1,10559114215757,Thalina Φόρεμα,1.71,Strong,yes,4040,61
wedding-baptism,659102695757,Ρούχα και Φορέματα για Γάμο & Βάπτιση,solenne,10644069187917,Solenne Φόρεμα,1.64,Strong,yes,7771,62
wedding-baptism,659102695757,Ρούχα και Φορέματα για Γάμο & Βάπτιση,electra-dress,10584479564109,Electra Φόρεμα,1.56,Strong,yes,6501,63
wedding-baptism,659102695757,Ρούχα και Φορέματα για Γάμο & Βάπτιση,astor-kimono,10566045172045,Astor Kimono,1.52,Strong,yes,6537,64
wedding-baptism,659102695757,Ρούχα και Φορέματα για Γάμο & Βάπτιση,rayne-dress,10564896391501,Rayne Φόρεμα,1.45,Average,yes,6940,65
wedding-baptism,659102695757,Ρούχα και Φορέματα για Γάμο & Βάπτιση,calyra-dress,10563075998029,Calyra Φόρεμα,1.44,Average,yes,5681,66
wedding-baptism,659102695757,Ρούχα και Φορέματα για Γάμο & Βάπτιση,melina,10714445873485,Melina Κιμονό,1.34,Average,yes,5012,67
wedding-baptism,659102695757,Ρούχα και Φορέματα για Γάμο & Βάπτιση,lea-dress,10566090916173,Lea Φόρεμα,1.33,Average,yes,4199,68
wedding-baptism,659102695757,Ρούχα και Φορέματα για Γάμο & Βάπτιση,thalassa-limited,10657844953421,Thalassa LIMITED Φόρεμα,1.33,Average,yes,5539,69
wedding-baptism,659102695757,Ρούχα και Φορέματα για Γάμο & Βάπτιση,coralia-dress,10566166413645,Coralia Φόρεμα,1.30,Average,yes,5274,70
wedding-baptism,659102695757,Ρούχα και Φορέματα για Γάμο & Βάπτιση,norah-kimono,10566086492493,Norah Κιμονό,1.27,Average,yes,5492,71
wedding-baptism,659102695757,Ρούχα και Φορέματα για Γάμο & Βάπτιση,copy-2,10588786295117,Linus Φόρεμα,1.24,Average,yes,6068,72
wedding-baptism,659102695757,Ρούχα και Φορέματα για Γάμο & Βάπτιση,calypso-skirt-pink,10559200788813,Calypso Skirt Pink,1.21,Average,yes,4291,73
wedding-baptism,659102695757,Ρούχα και Φορέματα για Γάμο & Βάπτιση,glowen-dress,10564884070733,Glowen Φόρεμα,1.18,Average,yes,4810,74
wedding-baptism,659102695757,Ρούχα και Φορέματα για Γάμο & Βάπτιση,melin-dress,10566165102925,Melin Φόρεμα,1.10,Average,yes,4266,75
wedding-baptism,659102695757,Ρούχα και Φορέματα για Γάμο & Βάπτιση,thalassa-dress,10563128525133,Thalassa Φόρεμα,1.04,Average,yes,3268,76
wedding-baptism,659102695757,Ρούχα και Φορέματα για Γάμο & Βάπτιση,lilu-jumpsuit,10566207308109,Lilu Ολόσωμη φόρμα,1.04,Average,yes,4533,77
wedding-baptism,659102695757,Ρούχα και Φορέματα για Γάμο & Βάπτιση,argenta-cape,10563227615565,Argenta Κάπα,1.03,Average,yes,4111,78
wedding-baptism,659102695757,Ρούχα και Φορέματα για Γάμο & Βάπτιση,nerissa-kimono-blue,10559203049805,Nerissa Κιμονό μπλε,1.01,Average,yes,3085,79
wedding-baptism,659102695757,Ρούχα και Φορέματα για Γάμο & Βάπτιση,ariel-siren-limited,10571427971405,Ariel Siren LIMITED Φόρεμα,1.00,Average,yes,3470,80
wedding-baptism,659102695757,Ρούχα και Φορέματα για Γάμο & Βάπτιση,aria-kimono,10564825186637,Aria Κιμονό,0.97,Average,yes,4029,81
wedding-baptism,659102695757,Ρούχα και Φορέματα για Γάμο & Βάπτιση,elyra-dress,10563404235085,Elyra Φόρεμα,0.97,Average,yes,3912,82
wedding-baptism,659102695757,Ρούχα και Φορέματα για Γάμο & Βάπτιση,nai-dress,10563110994253,Nai Φόρεμα,0.97,Average,yes,4669,83
wedding-baptism,659102695757,Ρούχα και Φορέματα για Γάμο & Βάπτιση,argenta-kimono,10563359539533,Argenta Κιμονό,0.97,Average,yes,3102,84
wedding-baptism,659102695757,Ρούχα και Φορέματα για Γάμο & Βάπτιση,nola-jumpsuit,10566211600717,Nola Ολόσωμη φόρμα,0.96,Average,yes,4818,85
wedding-baptism,659102695757,Ρούχα και Φορέματα για Γάμο & Βάπτιση,argenta-jumpsuit,10563172696397,Argenta Ολόσωμη φόρμα,0.95,Average,yes,3840,86
wedding-baptism,659102695757,Ρούχα και Φορέματα για Γάμο & Βάπτιση,aegea-dress,10563131900237,Aegea Φόρεμα,0.94,Average,yes,4231,87
wedding-baptism,659102695757,Ρούχα και Φορέματα για Γάμο & Βάπτιση,neta-top,10566385434957,Neta Τοπ,0.93,Average,yes,3741,88
wedding-baptism,659102695757,Ρούχα και Φορέματα για Γάμο & Βάπτιση,eris-dress,10566174114125,Eris Φόρεμα,0.92,Average,yes,3586,89
wedding-baptism,659102695757,Ρούχα και Φορέματα για Γάμο & Βάπτιση,s26-5048,10559098978637,Ariel Siren Φόρεμα ροζ,0.89,Average,yes,3979,90
wedding-baptism,659102695757,Ρούχα και Φορέματα για Γάμο & Βάπτιση,aster-kimono,10559208358221,Aster Κιμονό,0.85,Average,yes,3754,91
wedding-baptism,659102695757,Ρούχα και Φορέματα για Γάμο & Βάπτιση,cloe-dress,10566161531213,Cloe Φόρεμα,0.84,Average,yes,3186,92
wedding-baptism,659102695757,Ρούχα και Φορέματα για Γάμο & Βάπτιση,thalia-dress,10563095920973,Thalia Φόρεμα,0.84,Average,yes,3106,93
wedding-baptism,659102695757,Ρούχα και Φορέματα για Γάμο & Βάπτιση,elyra-cape,10563208315213,Elyra Κάπα,0.80,Average,yes,3260,94
wedding-baptism,659102695757,Ρούχα και Φορέματα για Γάμο & Βάπτιση,oceane-jumpsuit,10563149726029,Oceane Ολόσωμη φόρμα,0.78,Average,yes,3272,95
wedding-baptism,659102695757,Ρούχα και Φορέματα για Γάμο & Βάπτιση,kathy-dress,10566165856589,Kathy Φόρεμα,0.78,Average,yes,3403,96
wedding-baptism,659102695757,Ρούχα και Φορέματα για Γάμο & Βάπτιση,monique-kimono,10566047891789,Monique Κιμονό,0.78,Average,yes,3169,97
wedding-baptism,659102695757,Ρούχα και Φορέματα για Γάμο & Βάπτιση,patricia,10697411199309,Patricia Φόρεμα,0.77,Average,yes,3495,98
wedding-baptism,659102695757,Ρούχα και Φορέματα για Γάμο & Βάπτιση,dore-dress,10564872208717,Dore Φόρεμα,0.70,Average,yes,3082,99
wedding-baptism,659102695757,Ρούχα και Φορέματα για Γάμο & Βάπτιση,menda-dress,10566167626061,Menda Φόρεμα,0.69,Average,yes,3291,100
wedding-baptism,659102695757,Ρούχα και Φορέματα για Γάμο & Βάπτιση,zaria-jumpsuit,10563145236813,Zaria Ολόσωμη φόρμα,0.67,Average,yes,2725,101
wedding-baptism,659102695757,Ρούχα και Φορέματα για Γάμο & Βάπτιση,azalea-dress,10566201803085,Azalea Φόρεμα,0.63,Average,yes,2620,102
wedding-baptism,659102695757,Ρούχα και Φορέματα για Γάμο & Βάπτιση,shona-kimono,10564823515469,Shona Κιμονό,0.60,Average,yes,2703,103
wedding-baptism,659102695757,Ρούχα και Φορέματα για Γάμο & Βάπτιση,calypso-shirt-blue,10559144755533,Calypso Πουκάμισο γαλάζιο,0.57,Average,yes,1768,104
wedding-baptism,659102695757,Ρούχα και Φορέματα για Γάμο & Βάπτιση,midas-dress,10566098714957,Midas Φόρεμα,0.54,Average,yes,2333,105
wedding-baptism,659102695757,Ρούχα και Φορέματα για Γάμο & Βάπτιση,byron-dress,10566130303309,Byron Φόρεμα,0.53,Average,yes,2682,106
wedding-baptism,659102695757,Ρούχα και Φορέματα για Γάμο & Βάπτιση,astra-dress,10566182437197,Astra Φόρεμα,0.52,Average,yes,1454,107
wedding-baptism,659102695757,Ρούχα και Φορέματα για Γάμο & Βάπτιση,sonia-dress,10564952752461,Sonia Φόρεμα,0.50,Average,yes,2508,108
wedding-baptism,659102695757,Ρούχα και Φορέματα για Γάμο & Βάπτιση,livia-jumpsuit,10563137044813,Livia Ολόσωμη φόρμα,0.50,Average,yes,2017,109
wedding-baptism,659102695757,Ρούχα και Φορέματα για Γάμο & Βάπτιση,eirys-skirt,10563065413965,Eirys Skirt,0.50,Average,yes,2016,110
wedding-baptism,659102695757,Ρούχα και Φορέματα για Γάμο & Βάπτιση,rayne-pants,10564908613965,Rayne Παντελόνα,0.49,Low,yes,2358,111
wedding-baptism,659102695757,Ρούχα και Φορέματα για Γάμο & Βάπτιση,sylla-dress,10566150095181,Sylla Φόρεμα,0.48,Low,yes,2003,112
wedding-baptism,659102695757,Ρούχα και Φορέματα για Γάμο & Βάπτιση,krista-dress,10566185877837,Krista Φόρεμα,0.48,Low,yes,1672,113
wedding-baptism,659102695757,Ρούχα και Φορέματα για Γάμο & Βάπτιση,myriam-dress,10566163464525,Myriam Φόρεμα,0.47,Low,yes,2321,114
wedding-baptism,659102695757,Ρούχα και Φορέματα για Γάμο & Βάπτιση,indira-top,10563199992141,Indira Τοπ,0.47,Low,yes,1918,115
wedding-baptism,659102695757,Ρούχα και Φορέματα για Γάμο & Βάπτιση,nai-limited-dress,10571365515597,Nai LIMITED Φόρεμα,0.45,Low,yes,1841,116
wedding-baptism,659102695757,Ρούχα και Φορέματα για Γάμο & Βάπτιση,zoe-kimono,10564757815629,Zoe Κιμονό,0.42,Low,yes,1751,117
wedding-baptism,659102695757,Ρούχα και Φορέματα για Γάμο & Βάπτιση,phoebe-limited-edition,10571285266765,Phoebe LIMITED Edition Φόρεμα,0.41,Low,yes,1773,118
wedding-baptism,659102695757,Ρούχα και Φορέματα για Γάμο & Βάπτιση,calypso-pants,10559196856653,Calypso Παντελόνα,0.39,Low,yes,1288,119
wedding-baptism,659102695757,Ρούχα και Φορέματα για Γάμο & Βάπτιση,zaria-skirt,10563065872717,Zaria Skirt,0.39,Low,yes,1598,120
wedding-baptism,659102695757,Ρούχα και Φορέματα για Γάμο & Βάπτιση,indy-top,10563435102541,Indy Τοπ,0.37,Low,yes,1665,121
wedding-baptism,659102695757,Ρούχα και Φορέματα για Γάμο & Βάπτιση,myra-skirt,10563057189197,Myra Skirt,0.36,Low,yes,1257,122
wedding-baptism,659102695757,Ρούχα και Φορέματα για Γάμο & Βάπτιση,myrielle,10657829552461,Myrielle Φόρεμα,0.35,Low,yes,1761,123
wedding-baptism,659102695757,Ρούχα και Φορέματα για Γάμο & Βάπτιση,ophelia-skirt,10563290530125,Ophelia Skirt,0.35,Low,yes,926,124
wedding-baptism,659102695757,Ρούχα και Φορέματα για Γάμο & Βάπτιση,zoe-cape,10563437789517,Zoe Κάπα,0.34,Low,yes,1297,125
wedding-baptism,659102695757,Ρούχα και Φορέματα για Γάμο & Βάπτιση,zelda-dress,10564934369613,Zelda Φόρεμα,0.33,Low,yes,1415,126
wedding-baptism,659102695757,Ρούχα και Φορέματα για Γάμο & Βάπτιση,livia-kimono,10564754964813,Livia Κιμονό,0.32,Low,yes,1062,127
wedding-baptism,659102695757,Ρούχα και Φορέματα για Γάμο & Βάπτιση,parker-dress,10566126928205,Parker Φόρεμα,0.31,Low,yes,1493,128
wedding-baptism,659102695757,Ρούχα και Φορέματα για Γάμο & Βάπτιση,calypso-top-blue,10559164318029,Calypso Τοπ γαλάζιο,0.30,Low,yes,959,129
wedding-baptism,659102695757,Ρούχα και Φορέματα για Γάμο & Βάπτιση,calypso-shirt-pink,10559193186637,Calypso Πουκάμισο ροζ,0.28,Low,yes,859,130
wedding-baptism,659102695757,Ρούχα και Φορέματα για Γάμο & Βάπτιση,zelda-kimono,10566049726797,Zelda Κιμονό,0.26,Low,yes,1059,131
wedding-baptism,659102695757,Ρούχα και Φορέματα για Γάμο & Βάπτιση,arla-top,10566363447629,Arla Τοπ,0.26,Low,yes,1033,132
wedding-baptism,659102695757,Ρούχα και Φορέματα για Γάμο & Βάπτιση,ophelia-top,10563189473613,Ophelia Τοπ,0.25,Low,yes,862,133
wedding-baptism,659102695757,Ρούχα και Φορέματα για Γάμο & Βάπτιση,lyla-kimono,10564749328717,Lyla Κιμονό,0.25,Low,yes,1032,134
wedding-baptism,659102695757,Ρούχα και Φορέματα για Γάμο & Βάπτιση,stella-skirt,10563313762637,Stella Skirt,0.23,Low,yes,1092,135
wedding-baptism,659102695757,Ρούχα και Φορέματα για Γάμο & Βάπτιση,argenta-dress,10564890132813,Argenta Φόρεμα,0.23,Low,yes,820,136
wedding-baptism,659102695757,Ρούχα και Φορέματα για Γάμο & Βάπτιση,melissa-top,10566027510093,Melissa Τοπ,0.23,Low,yes,859,137
wedding-baptism,659102695757,Ρούχα και Φορέματα για Γάμο & Βάπτιση,myra-top-1,10563042214221,Myra Τοπ,0.22,Low,yes,584,138
wedding-baptism,659102695757,Ρούχα και Φορέματα για Γάμο & Βάπτιση,indira-kimono,10563362685261,Indira Κιμονό,0.22,Low,yes,969,139
wedding-baptism,659102695757,Ρούχα και Φορέματα για Γάμο & Βάπτιση,rhia-top,10563437035853,Rhia Τοπ,0.20,Low,yes,963,140
wedding-baptism,659102695757,Ρούχα και Φορέματα για Γάμο & Βάπτιση,opal-top,10563436282189,Opal Τοπ,0.19,Low,yes,890,141
wedding-baptism,659102695757,Ρούχα και Φορέματα για Γάμο & Βάπτιση,debbie-shirt,10564590010701,Debbie Πουκάμισο,0.18,Low,yes,545,142
wedding-baptism,659102695757,Ρούχα και Φορέματα για Γάμο & Βάπτιση,elma-pants,10566039175501,Elma Παντελόνα,0.17,Low,yes,585,143
wedding-baptism,659102695757,Ρούχα και Φορέματα για Γάμο & Βάπτιση,sienna-top,10566393954637,Sienna Τοπ,0.16,Low,yes,783,144
wedding-baptism,659102695757,Ρούχα και Φορέματα για Γάμο & Βάπτιση,shona-top,10564592664909,Shona Τοπ,0.16,Low,yes,467,145
wedding-baptism,659102695757,Ρούχα και Φορέματα για Γάμο & Βάπτιση,sundra-top,10566352666957,Sundra Τοπ,0.15,Low,yes,554,146
wedding-baptism,659102695757,Ρούχα και Φορέματα για Γάμο & Βάπτιση,selma-dress,10566095241549,Selma Φόρεμα,0.12,Low,yes,601,147
wedding-baptism,659102695757,Ρούχα και Φορέματα για Γάμο & Βάπτιση,nyx-skirt,10563049128269,Nyx Skirt,0.12,Low,yes,622,148
wedding-baptism,659102695757,Ρούχα και Φορέματα για Γάμο & Βάπτιση,s26-1008,10563044606285,Eirys Τοπ,0.11,Low,yes,380,149
wedding-baptism,659102695757,Ρούχα και Φορέματα για Γάμο & Βάπτιση,matilda-dress,10566105825613,Matilda Φόρεμα,0.09,Low,yes,459,150
wedding-baptism,659102695757,Ρούχα και Φορέματα για Γάμο & Βάπτιση,nyx-top,10563029533005,Nyx Τοπ,0.08,Low,yes,273,151
wedding-baptism,659102695757,Ρούχα και Φορέματα για Γάμο & Βάπτιση,ines-shirt,10564583817549,Ines Πουκάμισο,0.07,Low,yes,307,152
wedding-baptism,659102695757,Ρούχα και Φορέματα για Γάμο & Βάπτιση,ines-pants-1,10564803887437,Ines Παντελόνα,0.06,Low,yes,308,153
events,659107381581,Φορέματα για βάπτιση,elodie-dress,10566138757453,Elodie Φόρεμα,11.58,Hero,no,38367,1
events,659107381581,Φορέματα για βάπτιση,victoria,10697115926861,Victoria Φόρεμα,4.13,Hero,no,17323,2
events,659107381581,Φορέματα για βάπτιση,sylvia,10714453999949,Sylvia Κιμονό,4.02,Hero,no,12882,3
events,659107381581,Φορέματα για βάπτιση,sophia,10642032361805,Sophia Φόρεμα,2.92,Strong,no,12047,4
events,659107381581,Φορέματα για βάπτιση,nerida,10710349381965,Nerida Φόρεμα,2.85,Strong,no,8969,5
events,659107381581,Φορέματα για βάπτιση,greta-dress,10566155960653,Greta Φόρεμα,2.82,Strong,no,9251,6
events,659107381581,Φορέματα για βάπτιση,rosalie-2,10786210480461,Rosalie Φόρεμα,2.18,Strong,no,4660,7
events,659107381581,Φορέματα για βάπτιση,maeva-dress,10566112903501,Maeva Φόρεμα,1.72,Strong,no,3089,8
events,659107381581,Φορέματα για βάπτιση,zoe-pants,10564703289677,Zoe Παντελόνα,1.58,Strong,no,5365,9
events,659107381581,Φορέματα για βάπτιση,livia-copy,10786186232141,Rose Ολόσωμη φόρμα,1.51,Strong,no,3229,10
events,659107381581,Φορέματα για βάπτιση,nerissa-kimono-pink,10559204852045,Nerissa Κιμονό ροζ,1.44,Average,no,4575,11
events,659107381581,Φορέματα για βάπτιση,eve-copy,10670927511885,Selene Ολόσωμη φόρμα,1.37,Average,no,5395,12
events,659107381581,Φορέματα για βάπτιση,auralis-kimono,10563066659149,Auralis Κιμονό,1.34,Average,no,4655,13
events,659107381581,Φορέματα για βάπτιση,ione-2,10710363537741,Ione Φόρεμα,1.23,Average,no,5338,14
events,659107381581,Φορέματα για βάπτιση,calypso-skirt-blue,10559198298445,Calypso Skirt Blue,1.19,Average,no,3838,15
events,659107381581,Φορέματα για βάπτιση,calypso-top-pink,10559183356237,Calypso Τοπ ροζ,1.09,Average,no,2979,16
events,659107381581,Φορέματα για βάπτιση,meria-dress,10563092447565,Meria Φόρεμα,0.79,Average,no,3030,17
events,659107381581,Φορέματα για βάπτιση,stella-kimono,10564824432973,Stella Κιμονό,0.72,Average,no,2495,18
events,659107381581,Φορέματα για βάπτιση,eve-jumpsuit,10566210683213,Eve Ολόσωμη φόρμα,0.72,Average,no,2843,19
events,659107381581,Φορέματα για βάπτιση,gaia-jumpsuit,10563135537485,Gaia Ολόσωμη φόρμα,0.71,Average,no,2809,20
events,659107381581,Φορέματα για βάπτιση,liberty-dress,10566102974797,Liberty Φόρεμα,0.68,Average,no,2042,21
events,659107381581,Φορέματα για βάπτιση,zale-dress,10563130229069,Zale Φόρεμα,0.66,Average,no,2833,22
events,659107381581,Φορέματα για βάπτιση,myrtle-dress-1,10563103392077,Myrtle Φόρεμα,0.59,Average,no,2200,23
events,659107381581,Φορέματα για βάπτιση,aria-skirt-1,10563312714061,Aria Skirt,0.58,Average,no,2041,24
events,659107381581,Φορέματα για βάπτιση,elyra-pants,10563246784845,Elyra Παντελόνα,0.58,Average,no,2146,25
events,659107381581,Φορέματα για βάπτιση,shona-pants,10564789961037,Shona Παντελόνα,0.58,Average,no,2403,26
events,659107381581,Φορέματα για βάπτιση,ismini-1,10745646252365,Ismini Φούστα,0.57,Average,no,1349,27
events,659107381581,Φορέματα για βάπτιση,elyra-top,10563231154509,Elyra Τοπ,0.54,Average,no,1849,28
events,659107381581,Φορέματα για βάπτιση,lyla-skirt,10563307635021,Lyla Skirt,0.53,Average,no,1538,29
events,659107381581,Φορέματα για βάπτιση,hilda-dress-champagne,10564841374029,Hilda Φόρεμα σαμπανιζέ,0.49,Low,no,1744,30
events,659107381581,Φορέματα για βάπτιση,hilda-dress-dusty-pink,10566100255053,Hilda Dusty Φόρεμα ροζ,0.48,Low,no,1785,31
events,659107381581,Φορέματα για βάπτιση,debbie-pants,10564787011917,Debbie Παντελόνα,0.45,Low,no,1455,32
events,659107381581,Φορέματα για βάπτιση,lyla-top,10563222045005,Lyla Τοπ,0.45,Low,no,1281,33
events,659107381581,Φορέματα για βάπτιση,indira-skirt,10563304816973,Indira Skirt,0.43,Low,no,1345,34
events,659107381581,Φορέματα για βάπτιση,aria-top-1,10563232760141,Aria Τοπ,0.36,Low,no,1141,35
events,659107381581,Φορέματα για βάπτιση,elyra-body,10563024912717,Elyra Κορμάκι,0.34,Low,no,1066,36
events,659107381581,Φορέματα για βάπτιση,zaria-top,10563046768973,Zaria Τοπ,0.31,Low,no,845,37
events,659107381581,Φορέματα για βάπτιση,livia-skirt,10563055878477,Livia Skirt,0.30,Low,no,1034,38
events,659107381581,Φορέματα για βάπτιση,shona-shirt,10564578804045,Shona Πουκάμισο,0.29,Low,no,1224,39
events,659107381581,Φορέματα για βάπτιση,livia-top,10563040510285,Livia Τοπ,0.19,Low,no,594,40
events,659107381581,Φορέματα για βάπτιση,shona-skirt,10564766138701,Shona Skirt,0.15,Low,no,668,41
events,659107381581,Φορέματα για βάπτιση,hilary-dress,10566159991117,Hilary Φόρεμα,4.14,Hero,yes,14803,42
events,659107381581,Φορέματα για βάπτιση,ariel-siren-dress-blue,10559049138509,Ariel Siren Φόρεμα γαλάζιο,3.30,Hero,yes,12733,43
events,659107381581,Φορέματα για βάπτιση,marisa,10671661482317,Marisa Φόρεμα,3.06,Hero,yes,10471,44
events,659107381581,Φορέματα για βάπτιση,elise,10664056750413,Elise Φόρεμα,1.97,Strong,yes,7589,45
events,659107381581,Φορέματα για βάπτιση,phoebe-dress,10564863885645,Phoebe Φόρεμα,1.94,Strong,yes,7952,46
events,659107381581,Φορέματα για βάπτιση,lydia,10714458063181,Lydia Κιμονό,1.91,Strong,yes,8163,47
events,659107381581,Φορέματα για βάπτιση,thalina-dress-1,10559114215757,Thalina Φόρεμα,1.80,Strong,yes,4040,48
events,659107381581,Φορέματα για βάπτιση,electra-dress,10584479564109,Electra Φόρεμα,1.68,Strong,yes,6501,49
events,659107381581,Φορέματα για βάπτιση,calyra-dress,10563075998029,Calyra Φόρεμα,1.56,Strong,yes,5681,50
events,659107381581,Φορέματα για βάπτιση,melina,10714445873485,Melina Κιμονό,1.44,Average,yes,5012,51
events,659107381581,Φορέματα για βάπτιση,thalassa-limited,10657844953421,Thalassa LIMITED Φόρεμα,1.43,Average,yes,5539,52
events,659107381581,Φορέματα για βάπτιση,lea-dress,10566090916173,Lea Φόρεμα,1.42,Average,yes,4199,53
events,659107381581,Φορέματα για βάπτιση,coralia-dress,10566166413645,Coralia Φόρεμα,1.40,Average,yes,5274,54
events,659107381581,Φορέματα για βάπτιση,norah-kimono,10566086492493,Norah Κιμονό,1.38,Average,yes,5492,55
events,659107381581,Φορέματα για βάπτιση,copy-2,10588786295117,Linus Φόρεμα,1.35,Average,yes,6068,56
events,659107381581,Φορέματα για βάπτιση,calypso-skirt-pink,10559200788813,Calypso Skirt Pink,1.29,Average,yes,4291,57
events,659107381581,Φορέματα για βάπτιση,melin-dress,10566165102925,Melin Φόρεμα,1.19,Average,yes,4266,58
events,659107381581,Φορέματα για βάπτιση,lilu-jumpsuit,10566207308109,Lilu Ολόσωμη φόρμα,1.12,Average,yes,4533,59
events,659107381581,Φορέματα για βάπτιση,argenta-cape,10563227615565,Argenta Κάπα,1.12,Average,yes,4111,60
events,659107381581,Φορέματα για βάπτιση,thalassa-dress,10563128525133,Thalassa Φόρεμα,1.11,Average,yes,3268,61
events,659107381581,Φορέματα για βάπτιση,ariel-siren-limited,10571427971405,Ariel Siren LIMITED Φόρεμα,1.08,Average,yes,3470,62
events,659107381581,Φορέματα για βάπτιση,nerissa-kimono-blue,10559203049805,Nerissa Κιμονό μπλε,1.07,Average,yes,3085,63
events,659107381581,Φορέματα για βάπτιση,nai-dress,10563110994253,Nai Φόρεμα,1.06,Average,yes,4669,64
events,659107381581,Φορέματα για βάπτιση,aria-kimono,10564825186637,Aria Κιμονό,1.06,Average,yes,4029,65
events,659107381581,Φορέματα για βάπτιση,nola-jumpsuit,10566211600717,Nola Ολόσωμη φόρμα,1.05,Average,yes,4818,66
events,659107381581,Φορέματα για βάπτιση,elyra-dress,10563404235085,Elyra Φόρεμα,1.05,Average,yes,3912,67
events,659107381581,Φορέματα για βάπτιση,argenta-kimono,10563359539533,Argenta Κιμονό,1.03,Average,yes,3102,68
events,659107381581,Φορέματα για βάπτιση,argenta-jumpsuit,10563172696397,Argenta Ολόσωμη φόρμα,1.03,Average,yes,3840,69
events,659107381581,Φορέματα για βάπτιση,neta-top,10566385434957,Neta Τοπ,1.00,Average,yes,3741,70
events,659107381581,Φορέματα για βάπτιση,eris-dress,10566174114125,Eris Φόρεμα,0.98,Average,yes,3586,71
events,659107381581,Φορέματα για βάπτιση,s26-5048,10559098978637,Ariel Siren Φόρεμα ροζ,0.96,Average,yes,3979,72
events,659107381581,Φορέματα για βάπτιση,elyra-cape,10563208315213,Elyra Κάπα,0.87,Average,yes,3260,73
events,659107381581,Φορέματα για βάπτιση,kathy-dress,10566165856589,Kathy Φόρεμα,0.85,Average,yes,3403,74
events,659107381581,Φορέματα για βάπτιση,oceane-jumpsuit,10563149726029,Oceane Ολόσωμη φόρμα,0.85,Average,yes,3272,75
events,659107381581,Φορέματα για βάπτιση,monique-kimono,10566047891789,Monique Κιμονό,0.84,Average,yes,3169,76
events,659107381581,Φορέματα για βάπτιση,patricia,10697411199309,Patricia Φόρεμα,0.84,Average,yes,3495,77
events,659107381581,Φορέματα για βάπτιση,zaria-jumpsuit,10563145236813,Zaria Ολόσωμη φόρμα,0.73,Average,yes,2725,78
events,659107381581,Φορέματα για βάπτιση,azalea-dress,10566201803085,Azalea Φόρεμα,0.68,Average,yes,2620,79
events,659107381581,Φορέματα για βάπτιση,shona-kimono,10564823515469,Shona Κιμονό,0.65,Average,yes,2703,80
events,659107381581,Φορέματα για βάπτιση,calypso-shirt-blue,10559144755533,Calypso Πουκάμισο γαλάζιο,0.60,Average,yes,1768,81
events,659107381581,Φορέματα για βάπτιση,midas-dress,10566098714957,Midas Φόρεμα,0.58,Average,yes,2333,82
events,659107381581,Φορέματα για βάπτιση,astra-dress,10566182437197,Astra Φόρεμα,0.55,Average,yes,1454,83
events,659107381581,Φορέματα για βάπτιση,livia-jumpsuit,10563137044813,Livia Ολόσωμη φόρμα,0.54,Average,yes,2017,84
events,659107381581,Φορέματα για βάπτιση,eirys-skirt,10563065413965,Eirys Skirt,0.54,Average,yes,2016,85
events,659107381581,Φορέματα για βάπτιση,rayne-pants,10564908613965,Rayne Παντελόνα,0.53,Average,yes,2358,86
events,659107381581,Φορέματα για βάπτιση,sylla-dress,10566150095181,Sylla Φόρεμα,0.52,Average,yes,2003,87
events,659107381581,Φορέματα για βάπτιση,krista-dress,10566185877837,Krista Φόρεμα,0.52,Average,yes,1672,88
events,659107381581,Φορέματα για βάπτιση,myriam-dress,10566163464525,Myriam Φόρεμα,0.51,Average,yes,2321,89
events,659107381581,Φορέματα για βάπτιση,indira-top,10563199992141,Indira Τοπ,0.51,Average,yes,1918,90
events,659107381581,Φορέματα για βάπτιση,nai-limited-dress,10571365515597,Nai LIMITED Φόρεμα,0.49,Low,yes,1841,91
events,659107381581,Φορέματα για βάπτιση,zoe-kimono,10564757815629,Zoe Κιμονό,0.46,Low,yes,1751,92
events,659107381581,Φορέματα για βάπτιση,calypso-pants,10559196856653,Calypso Παντελόνα,0.42,Low,yes,1288,93
events,659107381581,Φορέματα για βάπτιση,zaria-skirt,10563065872717,Zaria Skirt,0.42,Low,yes,1598,94
events,659107381581,Φορέματα για βάπτιση,indy-top,10563435102541,Indy Τοπ,0.41,Low,yes,1665,95
events,659107381581,Φορέματα για βάπτιση,myra-skirt,10563057189197,Myra Skirt,0.38,Low,yes,1257,96
events,659107381581,Φορέματα για βάπτιση,ophelia-skirt,10563290530125,Ophelia Skirt,0.37,Low,yes,926,97
events,659107381581,Φορέματα για βάπτιση,zoe-cape,10563437789517,Zoe Κάπα,0.36,Low,yes,1297,98
events,659107381581,Φορέματα για βάπτιση,zelda-dress,10564934369613,Zelda Φόρεμα,0.36,Low,yes,1415,99
events,659107381581,Φορέματα για βάπτιση,parker-dress,10566126928205,Parker Φόρεμα,0.34,Low,yes,1493,100
events,659107381581,Φορέματα για βάπτιση,livia-kimono,10564754964813,Livia Κιμονό,0.34,Low,yes,1062,101
events,659107381581,Φορέματα για βάπτιση,calypso-top-blue,10559164318029,Calypso Τοπ γαλάζιο,0.32,Low,yes,959,102
events,659107381581,Φορέματα για βάπτιση,calypso-shirt-pink,10559193186637,Calypso Πουκάμισο ροζ,0.30,Low,yes,859,103
events,659107381581,Φορέματα για βάπτιση,zelda-kimono,10566049726797,Zelda Κιμονό,0.28,Low,yes,1059,104
events,659107381581,Φορέματα για βάπτιση,arla-top,10566363447629,Arla Τοπ,0.28,Low,yes,1033,105
events,659107381581,Φορέματα για βάπτιση,ophelia-top,10563189473613,Ophelia Τοπ,0.27,Low,yes,862,106
events,659107381581,Φορέματα για βάπτιση,lyla-kimono,10564749328717,Lyla Κιμονό,0.27,Low,yes,1032,107
events,659107381581,Φορέματα για βάπτιση,stella-skirt,10563313762637,Stella Skirt,0.25,Low,yes,1092,108
events,659107381581,Φορέματα για βάπτιση,argenta-dress,10564890132813,Argenta Φόρεμα,0.25,Low,yes,820,109
events,659107381581,Φορέματα για βάπτιση,melissa-top,10566027510093,Melissa Τοπ,0.24,Low,yes,859,110
events,659107381581,Φορέματα για βάπτιση,indira-kimono,10563362685261,Indira Κιμονό,0.24,Low,yes,969,111
events,659107381581,Φορέματα για βάπτιση,myra-top-1,10563042214221,Myra Τοπ,0.23,Low,yes,584,112
events,659107381581,Φορέματα για βάπτιση,rhia-top,10563437035853,Rhia Τοπ,0.22,Low,yes,963,113
events,659107381581,Φορέματα για βάπτιση,opal-top,10563436282189,Opal Τοπ,0.21,Low,yes,890,114
events,659107381581,Φορέματα για βάπτιση,debbie-shirt,10564590010701,Debbie Πουκάμισο,0.19,Low,yes,545,115
events,659107381581,Φορέματα για βάπτιση,elma-pants,10566039175501,Elma Παντελόνα,0.18,Low,yes,585,116
events,659107381581,Φορέματα για βάπτιση,shona-top,10564592664909,Shona Τοπ,0.17,Low,yes,467,117
events,659107381581,Φορέματα για βάπτιση,sundra-top,10566352666957,Sundra Τοπ,0.16,Low,yes,554,118
events,659107381581,Φορέματα για βάπτιση,selma-dress,10566095241549,Selma Φόρεμα,0.13,Low,yes,601,119
events,659107381581,Φορέματα για βάπτιση,s26-1008,10563044606285,Eirys Τοπ,0.12,Low,yes,380,120
events,659107381581,Φορέματα για βάπτιση,matilda-dress,10566105825613,Matilda Φόρεμα,0.10,Low,yes,459,121
events,659107381581,Φορέματα για βάπτιση,ines-shirt,10564583817549,Ines Πουκάμισο,0.08,Low,yes,307,122
events,659107381581,Φορέματα για βάπτιση,ines-pants-1,10564803887437,Ines Παντελόνα,0.07,Low,yes,308,123
wedding,659107119437,Φορέματα για γάμο,elodie-dress,10566138757453,Elodie Φόρεμα,9.92,Hero,no,38367,1
wedding,659107119437,Φορέματα για γάμο,marbella-dress,10814110531917,Marbella Dress,4.42,Hero,no,6719,2
wedding,659107119437,Φορέματα για γάμο,crystalia,10652663251277,Crystalia Φόρεμα,4.25,Hero,no,19946,3
wedding,659107119437,Φορέματα για γάμο,sylvia,10714453999949,Sylvia Κιμονό,3.45,Hero,no,12882,4
wedding,659107119437,Φορέματα για γάμο,victoria,10697115926861,Victoria Φόρεμα,3.36,Hero,no,17323,5
wedding,659107119437,Φορέματα για γάμο,nerida,10710349381965,Nerida Φόρεμα,2.48,Strong,no,8969,6
wedding,659107119437,Φορέματα για γάμο,sophia,10642032361805,Sophia Φόρεμα,2.41,Strong,no,12047,7
wedding,659107119437,Φορέματα για γάμο,greta-dress,10566155960653,Greta Φόρεμα,2.33,Strong,no,9251,8
wedding,659107119437,Φορέματα για γάμο,noelle,10786243215693,Noelle Φόρεμα,2.07,Strong,no,5265,9
wedding,659107119437,Φορέματα για γάμο,rosalie-2,10786210480461,Rosalie Φόρεμα,1.83,Strong,no,4660,10
wedding,659107119437,Φορέματα για γάμο,maeva-dress,10566112903501,Maeva Φόρεμα,1.52,Strong,no,3089,11
wedding,659107119437,Φορέματα για γάμο,zoe-pants,10564703289677,Zoe Παντελόνα,1.32,Average,no,5365,12
wedding,659107119437,Φορέματα για γάμο,livia-copy,10786186232141,Rose Ολόσωμη φόρμα,1.25,Average,no,3229,13
wedding,659107119437,Φορέματα για γάμο,eve-copy,10670927511885,Selene Ολόσωμη φόρμα,1.13,Average,no,5395,14
wedding,659107119437,Φορέματα για γάμο,auralis-kimono,10563066659149,Auralis Κιμονό,1.09,Average,no,4655,15
wedding,659107119437,Φορέματα για γάμο,runa-top,10566035374413,Runa Τοπ,1.08,Average,no,5147,16
wedding,659107119437,Φορέματα για γάμο,ione-2,10710363537741,Ione Φόρεμα,1.00,Average,no,5338,17
wedding,659107119437,Φορέματα για γάμο,marceline,10786231877965,Marceline Φόρεμα,0.89,Average,no,2561,18
wedding,659107119437,Φορέματα για γάμο,meria-dress,10563092447565,Meria Φόρεμα,0.65,Average,no,3030,19
wedding,659107119437,Φορέματα για γάμο,margie-dress,10566101827917,Margie Φόρεμα,0.62,Average,no,2780,20
wedding,659107119437,Φορέματα για γάμο,gaia-jumpsuit,10563135537485,Gaia Ολόσωμη φόρμα,0.59,Average,no,2809,21
wedding,659107119437,Φορέματα για γάμο,eve-jumpsuit,10566210683213,Eve Ολόσωμη φόρμα,0.59,Average,no,2843,22
wedding,659107119437,Φορέματα για γάμο,liberty-dress,10566102974797,Liberty Φόρεμα,0.58,Average,no,2042,23
wedding,659107119437,Φορέματα για γάμο,livia-dress,10563406201165,Livia Φόρεμα,0.55,Average,no,2632,24
wedding,659107119437,Φορέματα για γάμο,zale-dress,10563130229069,Zale Φόρεμα,0.54,Average,no,2833,25
wedding,659107119437,Φορέματα για γάμο,myrtle-dress-1,10563103392077,Myrtle Φόρεμα,0.49,Low,no,2200,26
wedding,659107119437,Φορέματα για γάμο,aria-skirt-1,10563312714061,Aria Skirt,0.49,Low,no,2041,27
wedding,659107119437,Φορέματα για γάμο,sienna-copy,10697387508045,Patricia Τοπ,0.49,Low,no,2028,28
wedding,659107119437,Φορέματα για γάμο,elyra-pants,10563246784845,Elyra Παντελόνα,0.48,Low,no,2146,29
wedding,659107119437,Φορέματα για γάμο,elyra-top,10563231154509,Elyra Τοπ,0.45,Low,no,1849,30
wedding,659107119437,Φορέματα για γάμο,moss-dress-1,10563105227085,Moss Φόρεμα,0.41,Low,no,1769,31
wedding,659107119437,Φορέματα για γάμο,indira-skirt,10563304816973,Indira Skirt,0.35,Low,no,1345,32
wedding,659107119437,Φορέματα για γάμο,aria-top-1,10563232760141,Aria Τοπ,0.31,Low,no,1141,33
wedding,659107119437,Φορέματα για γάμο,elyra-body,10563024912717,Elyra Κορμάκι,0.29,Low,no,1066,34
wedding,659107119437,Φορέματα για γάμο,zaria-top,10563046768973,Zaria Τοπ,0.26,Low,no,845,35
wedding,659107119437,Φορέματα για γάμο,livia-skirt,10563055878477,Livia Skirt,0.25,Low,no,1034,36
wedding,659107119437,Φορέματα για γάμο,livia-top,10563040510285,Livia Τοπ,0.16,Low,no,594,37
wedding,659107119437,Φορέματα για γάμο,evelisse-limited,10652612165965,Evelisse LIMITED Φόρεμα,3.13,Hero,yes,11724,38
wedding,659107119437,Φορέματα για γάμο,marisa,10671661482317,Marisa Φόρεμα,2.63,Strong,yes,10471,39
wedding,659107119437,Φορέματα για γάμο,helia-dress,10563090907469,Helia Φόρεμα,2.07,Strong,yes,9780,40
wedding,659107119437,Φορέματα για γάμο,soraya,10643352158541,Soraya Φόρεμα,2.04,Strong,yes,7652,41
wedding,659107119437,Φορέματα για γάμο,elise,10664056750413,Elise Φόρεμα,1.65,Strong,yes,7589,42
wedding,659107119437,Φορέματα για γάμο,asteria-dress,10563094708557,Asteria Φόρεμα,1.62,Strong,yes,6985,43
wedding,659107119437,Φορέματα για γάμο,phoebe-dress,10564863885645,Phoebe Φόρεμα,1.60,Strong,yes,7952,44
wedding,659107119437,Φορέματα για γάμο,lydia,10714458063181,Lydia Κιμονό,1.58,Strong,yes,8163,45
wedding,659107119437,Φορέματα για γάμο,solenne,10644069187917,Solenne Φόρεμα,1.47,Average,yes,7771,46
wedding,659107119437,Φορέματα για γάμο,electra-dress,10584479564109,Electra Φόρεμα,1.42,Average,yes,6501,47
wedding,659107119437,Φορέματα για γάμο,astor-kimono,10566045172045,Astor Kimono,1.37,Average,yes,6537,48
wedding,659107119437,Φορέματα για γάμο,rayne-dress,10564896391501,Rayne Φόρεμα,1.31,Average,yes,6940,49
wedding,659107119437,Φορέματα για γάμο,calyra-dress,10563075998029,Calyra Φόρεμα,1.30,Average,yes,5681,50
wedding,659107119437,Φορέματα για γάμο,melina,10714445873485,Melina Κιμονό,1.23,Average,yes,5012,51
wedding,659107119437,Φορέματα για γάμο,thalassa-limited,10657844953421,Thalassa LIMITED Φόρεμα,1.21,Average,yes,5539,52
wedding,659107119437,Φορέματα για γάμο,coralia-dress,10566166413645,Coralia Φόρεμα,1.18,Average,yes,5274,53
wedding,659107119437,Φορέματα για γάμο,copy-2,10588786295117,Linus Φόρεμα,1.12,Average,yes,6068,54
wedding,659107119437,Φορέματα για γάμο,glowen-dress,10564884070733,Glowen Φόρεμα,1.07,Average,yes,4810,55
wedding,659107119437,Φορέματα για γάμο,melin-dress,10566165102925,Melin Φόρεμα,0.99,Average,yes,4266,56
wedding,659107119437,Φορέματα για γάμο,thalassa-dress,10563128525133,Thalassa Φόρεμα,0.95,Average,yes,3268,57
wedding,659107119437,Φορέματα για γάμο,argenta-cape,10563227615565,Argenta Κάπα,0.93,Average,yes,4111,58
wedding,659107119437,Φορέματα για γάμο,lilu-jumpsuit,10566207308109,Lilu Ολόσωμη φόρμα,0.93,Average,yes,4533,59
wedding,659107119437,Φορέματα για γάμο,ariel-siren-limited,10571427971405,Ariel Siren LIMITED Φόρεμα,0.91,Average,yes,3470,60
wedding,659107119437,Φορέματα για γάμο,argenta-kimono,10563359539533,Argenta Κιμονό,0.88,Average,yes,3102,61
wedding,659107119437,Φορέματα για γάμο,elyra-dress,10563404235085,Elyra Φόρεμα,0.88,Average,yes,3912,62
wedding,659107119437,Φορέματα για γάμο,aria-kimono,10564825186637,Aria Κιμονό,0.87,Average,yes,4029,63
wedding,659107119437,Φορέματα για γάμο,nai-dress,10563110994253,Nai Φόρεμα,0.86,Average,yes,4669,64
wedding,659107119437,Φορέματα για γάμο,nola-jumpsuit,10566211600717,Nola Ολόσωμη φόρμα,0.86,Average,yes,4818,65
wedding,659107119437,Φορέματα για γάμο,argenta-jumpsuit,10563172696397,Argenta Ολόσωμη φόρμα,0.85,Average,yes,3840,66
wedding,659107119437,Φορέματα για γάμο,neta-top,10566385434957,Neta Τοπ,0.85,Average,yes,3741,67
wedding,659107119437,Φορέματα για γάμο,aegea-dress,10563131900237,Aegea Φόρεμα,0.84,Average,yes,4231,68
wedding,659107119437,Φορέματα για γάμο,aster-kimono,10559208358221,Aster Κιμονό,0.77,Average,yes,3754,69
wedding,659107119437,Φορέματα για γάμο,cloe-dress,10566161531213,Cloe Φόρεμα,0.77,Average,yes,3186,70
wedding,659107119437,Φορέματα για γάμο,thalia-dress,10563095920973,Thalia Φόρεμα,0.76,Average,yes,3106,71
wedding,659107119437,Φορέματα για γάμο,elyra-cape,10563208315213,Elyra Κάπα,0.72,Average,yes,3260,72
wedding,659107119437,Φορέματα για γάμο,oceane-jumpsuit,10563149726029,Oceane Ολόσωμη φόρμα,0.71,Average,yes,3272,73
wedding,659107119437,Φορέματα για γάμο,monique-kimono,10566047891789,Monique Κιμονό,0.71,Average,yes,3169,74
wedding,659107119437,Φορέματα για γάμο,kathy-dress,10566165856589,Kathy Φόρεμα,0.71,Average,yes,3403,75
wedding,659107119437,Φορέματα για γάμο,patricia,10697411199309,Patricia Φόρεμα,0.70,Average,yes,3495,76
wedding,659107119437,Φορέματα για γάμο,dore-dress,10564872208717,Dore Φόρεμα,0.63,Average,yes,3082,77
wedding,659107119437,Φορέματα για γάμο,menda-dress,10566167626061,Menda Φόρεμα,0.62,Average,yes,3291,78
wedding,659107119437,Φορέματα για γάμο,zaria-jumpsuit,10563145236813,Zaria Ολόσωμη φόρμα,0.61,Average,yes,2725,79
wedding,659107119437,Φορέματα για γάμο,midas-dress,10566098714957,Midas Φόρεμα,0.48,Low,yes,2333,80
wedding,659107119437,Φορέματα για γάμο,byron-dress,10566130303309,Byron Φόρεμα,0.48,Low,yes,2682,81
wedding,659107119437,Φορέματα για γάμο,livia-jumpsuit,10563137044813,Livia Ολόσωμη φόρμα,0.45,Low,yes,2017,82
wedding,659107119437,Φορέματα για γάμο,sonia-dress,10564952752461,Sonia Φόρεμα,0.44,Low,yes,2508,83
wedding,659107119437,Φορέματα για γάμο,rayne-pants,10564908613965,Rayne Παντελόνα,0.43,Low,yes,2358,84
wedding,659107119437,Φορέματα για γάμο,myriam-dress,10566163464525,Myriam Φόρεμα,0.42,Low,yes,2321,85
wedding,659107119437,Φορέματα για γάμο,indira-top,10563199992141,Indira Τοπ,0.42,Low,yes,1918,86
wedding,659107119437,Φορέματα για γάμο,nai-limited-dress,10571365515597,Nai LIMITED Φόρεμα,0.40,Low,yes,1841,87
wedding,659107119437,Φορέματα για γάμο,zoe-kimono,10564757815629,Zoe Κιμονό,0.38,Low,yes,1751,88
wedding,659107119437,Φορέματα για γάμο,phoebe-limited-edition,10571285266765,Phoebe LIMITED Edition Φόρεμα,0.36,Low,yes,1773,89
wedding,659107119437,Φορέματα για γάμο,zaria-skirt,10563065872717,Zaria Skirt,0.35,Low,yes,1598,90
wedding,659107119437,Φορέματα για γάμο,indy-top,10563435102541,Indy Τοπ,0.33,Low,yes,1665,91
wedding,659107119437,Φορέματα για γάμο,ophelia-skirt,10563290530125,Ophelia Skirt,0.33,Low,yes,926,92
wedding,659107119437,Φορέματα για γάμο,myra-skirt,10563057189197,Myra Skirt,0.33,Low,yes,1257,93
wedding,659107119437,Φορέματα για γάμο,myrielle,10657829552461,Myrielle Φόρεμα,0.32,Low,yes,1761,94
wedding,659107119437,Φορέματα για γάμο,zoe-cape,10563437789517,Zoe Κάπα,0.31,Low,yes,1297,95
wedding,659107119437,Φορέματα για γάμο,zelda-dress,10564934369613,Zelda Φόρεμα,0.30,Low,yes,1415,96
wedding,659107119437,Φορέματα για γάμο,livia-kimono,10564754964813,Livia Κιμονό,0.29,Low,yes,1062,97
wedding,659107119437,Φορέματα για γάμο,ophelia-top,10563189473613,Ophelia Τοπ,0.24,Low,yes,862,98
wedding,659107119437,Φορέματα για γάμο,zelda-kimono,10566049726797,Zelda Κιμονό,0.23,Low,yes,1059,99
wedding,659107119437,Φορέματα για γάμο,arla-top,10566363447629,Arla Τοπ,0.23,Low,yes,1033,100
wedding,659107119437,Φορέματα για γάμο,myra-top-1,10563042214221,Myra Τοπ,0.21,Low,yes,584,101
wedding,659107119437,Φορέματα για γάμο,argenta-dress,10564890132813,Argenta Φόρεμα,0.21,Low,yes,820,102
wedding,659107119437,Φορέματα για γάμο,melissa-top,10566027510093,Melissa Τοπ,0.20,Low,yes,859,103
wedding,659107119437,Φορέματα για γάμο,indira-kimono,10563362685261,Indira Κιμονό,0.20,Low,yes,969,104
wedding,659107119437,Φορέματα για γάμο,rhia-top,10563437035853,Rhia Τοπ,0.18,Low,yes,963,105
wedding,659107119437,Φορέματα για γάμο,opal-top,10563436282189,Opal Τοπ,0.17,Low,yes,890,106
wedding,659107119437,Φορέματα για γάμο,sienna-top,10566393954637,Sienna Τοπ,0.14,Low,yes,783,107
wedding,659107119437,Φορέματα για γάμο,nyx-skirt,10563049128269,Nyx Skirt,0.11,Low,yes,622,108
wedding,659107119437,Φορέματα για γάμο,selma-dress,10566095241549,Selma Φόρεμα,0.11,Low,yes,601,109
wedding,659107119437,Φορέματα για γάμο,s26-1008,10563044606285,Eirys Τοπ,0.10,Low,yes,380,110
wedding,659107119437,Φορέματα για γάμο,matilda-dress,10566105825613,Matilda Φόρεμα,0.08,Low,yes,459,111
wedding,659107119437,Φορέματα για γάμο,nyx-top,10563029533005,Nyx Τοπ,0.07,Low,yes,273,112
